name,ddG,pythiascore
1a0f_S_11_A,-1.8,-2.911758840084076
1a7v_A_104_H,-2.69,-8.782735347747803
1a7v_K_13_H,-0.6,-4.157711029052734
1a7v_K_20_H,-2.88,-8.267226696014404
1a7v_D_3_H,-1.36,-12.814982891082764
1a7v_K_31_H,-1.36,-6.194202423095703
1a7v_K_39_H,-1.86,-6.401514530181885
1a7v_K_49_H,-2.02,-5.720547437667847
1a7v_D_58_H,-2.05,-4.167769908905029
1a7v_A_66_H,-1.98,-2.652400255203247
1a7v_E_73_H,-3.01,-9.508974552154541
1a7v_K_84_H,-2.88,-7.113903045654297
1a7v_A_91_H,-1.7,-3.132225275039673
1a7v_K_97_H,-1.97,-2.6776909828186035
1ba3_H_457_D,-1.745,-7.29497218132019
1ba3_H_485_D,0.287,3.9246468544006348
1ba3_H_485_K,-0.287,5.853164434432983
1ba3_H_485_M,-0.263,-3.824929714202881
1bfm_M_35_W,-0.7,-0.6208407878875732
1bfm_M_35_Y,-0.4,-4.879449129104614
1bnl_D_76_A,-0.821,-6.296263217926025
1d5g_I_20_F,0.91,-14.48166275024414
1d5g_H_71_Y,-0.04,-1.6234636306762695
1div_M_1_A,-1.46,-5.24746298789978
1div_M_1_G,-2.36,-8.122532844543457
1div_K_10_M,0.05,-5.407322645187378
1div_E_100_A,-0.98,-2.1955044269561768
1div_E_100_G,-1.52,-5.338695049285889
1div_L_102_A,-2.37,-18.645519256591797
1div_H_106_Q,-1.53,-10.610392093658447
1div_L_108_A,-2.33,-15.84104871749878
1div_L_110_A,-3.21,-20.61829948425293
1div_I_115_A,-3.52,-20.52929973602295
1div_L_117_A,-0.82,-13.811469078063965
1div_I_121_A,-2.88,-22.193695068359375
1div_V_129_A,-1.81,-10.803455829620361
1div_V_131_A,-1.93,-11.339401245117188
1div_L_133_A,-2.94,-24.352103233337402
1div_H_134_Q,-0.34,-16.037795543670654
1div_V_137_A,-2.41,-13.523766040802002
1div_K_14_M,0.01,-5.9705071449279785
1div_L_141_A,-3.56,-18.250516891479492
1div_V_143_A,-3.25,-17.300390243530273
1div_H_144_Q,-0.56,0.21013331413269043
1div_V_145_A,-1.92,-11.187331676483154
1div_K_15_M,-0.31,-6.93866753578186
1div_E_17_Q,-0.21,-5.077724099159241
1div_V_21_A,-2.33,-3.096299648284912
1div_V_21_I,-0.4,-1.5461980104446411
1div_V_21_L,-1.23,-0.6846605539321899
1div_D_23_A,-0.46,0.21351373195648193
1div_D_23_N,-0.58,-2.2213469743728638
1div_V_3_A,-2.55,1.3918707370758057
1div_V_3_I,-0.31,-7.951947212219238
1div_V_3_L,-2.21,-4.987773656845093
1div_L_30_A,-2.76,-8.465429306030273
1div_L_30_V,-3.62,-13.364877223968506
1div_E_38_Q,-0.56,-2.874444365501404
1div_I_4_A,-2.22,-7.165383577346802
1div_I_4_V,-0.59,1.52065110206604
1div_E_48_Q,0.03,-2.010947108268738
1div_E_54_Q,0.33,-1.9161527156829834
1div_L_6_A,-3.1,-3.682966709136963
1div_L_6_I,-0.13,-5.827341079711914
1div_L_6_V,-0.41,-6.01567816734314
1div_K_7_M,0.35,-7.743164300918579
1div_L_72_A,-3.77,-21.298328399658203
1div_I_79_A,-3.49,-23.3275203704834
1div_D_8_N,-0.3,0.3465919494628906
1div_I_93_A,-3.19,-15.913727760314941
1div_K_96_A,0.61,1.2356326580047607
1div_K_96_G,-0.2,-0.2478017807006836
1div_I_98_A,-4.28,-20.968411445617676
1dxx_K_10_N,-3.7,-3.582493782043457
1ekg_S_92_F,-2.6,-8.061566591262817
1ekg_L_109_C,-1.0,-9.027513027191162
1ekg_L_111_C,-2.0,-16.67846155166626
1ekg_L_114_C,1.0,-9.661405563354492
1f8i_F_345_A,-0.455,-9.66859245300293
1fh5_S_228_N,0.6,-4.989704012870789
1frd_H_42_R,4.0,4.800873637199402
1ft8_L_92_V,-1.38,-10.74328327178955
1ft8_M_96_L,0.27,0.8059686422348022
1ft8_L_118_I,-0.35,0.8787946701049805
1ft8_I_144_V,-0.64,-0.4624617099761963
1ft8_L_147_I,-0.11,-6.30240535736084
1ft8_V_167_A,-0.16,-6.822014570236206
1ft8_L_173_I,-0.8,-15.553058624267578
1ft8_L_173_V,-1.41,-16.07222080230713
1ft8_L_195_A,-1.65,-14.130621433258057
1ft8_L_197_I,-0.85,-18.815540313720703
1ft8_S_219_A,0.32,2.714377284049988
1ft8_L_228_I,-0.53,-7.299992084503174
1ft8_L_229_I,0.05,-2.33668851852417
1fxa_R_42_A,-2.4,-9.005672454833984
1fxa_R_42_H,-1.4,-5.428395986557007
1fxa_T_48_A,0.1,-3.9271721839904785
1fxa_F_65_A,-1.0,-4.907862663269043
1fxa_F_65_I,-0.9,-9.917160749435425
1fxa_F_65_W,-0.6,-2.7082505226135254
1fxa_F_65_Y,-0.5,-1.4583328366279602
1fxa_E_94_D,-1.1,-4.7912373542785645
1fxa_E_94_K,-0.4,-1.526167869567871
1fxa_E_94_Q,0.6,-0.5520501136779785
1fxa_E_95_K,1.0,1.5852659940719604
1g3p_F_111_V,-3.705,-10.01454210281372
1g3p_Q_112_N,-1.793,-16.06957483291626
1g3p_N_113_G,0.765,-1.7673304080963135
1g3p_N_114_K,-0.43,-1.2145767211914062
1g3p_N_114_V,-2.032,2.853452682495117
1g3p_R_119_V,0.765,1.4767847061157227
1g3p_Q_120_N,0.263,3.7868707180023193
1g3p_A_122_K,-0.287,-0.18537569046020508
1g3p_D_135_A,-0.263,-1.3170493841171265
1g3p_D_135_C,-0.096,-3.8290724754333496
1g3p_D_135_E,-0.359,-1.6376065015792847
1g3p_D_135_F,-0.359,-4.277052402496338
1g3p_D_135_G,-0.669,-3.612863540649414
1g3p_D_135_H,0.048,-3.8886876106262207
1g3p_D_135_I,-0.932,-4.564589023590088
1g3p_D_135_K,-0.335,-1.8645073175430298
1g3p_D_135_L,-0.55,-2.961420774459839
1g3p_D_135_M,-0.502,-4.900609493255615
1g3p_D_135_N,0.072,1.256495714187622
1g3p_D_135_P,-0.645,-9.76496171951294
1g3p_D_135_Q,-0.478,-2.1479591131210327
1g3p_D_135_R,-0.669,-2.9661935567855835
1g3p_D_135_S,-0.287,0.11752426624298096
1g3p_D_135_T,-0.741,-2.4495352506637573
1g3p_D_135_V,-1.123,-3.9570610523223877
1g3p_D_135_W,-0.167,-6.176684856414795
1g3p_D_135_Y,-0.072,-4.199198484420776
1glu_C_67_A,-1.22,-0.2669844627380371
1gua_R_212_A,-0.693,-8.119393110275269
1gua_E_216_A,0.021,-2.934868574142456
1gua_K_221_A,-0.327,-4.374476909637451
1gua_L_224_A,-2.593,-17.795573234558105
1gua_D_229_A,-0.706,-2.4708261489868164
1gua_A_230_G,-1.963,-14.410088539123535
1gua_A_230_L,-1.951,-17.790273666381836
1gua_L_233_A,-2.534,-13.980820178985596
1gua_E_236_A,-0.101,-5.347988128662109
1gua_E_237_A,-0.591,-8.039386987686157
1gua_L_238_A,-3.405,-23.786181449890137
1gua_V_240_A,-3.368,-14.145298480987549
1gua_D_241_A,-0.855,-2.637237787246704
1gua_N_168_M,0.271,-1.5669186115264893
1gua_I_170_A,-3.274,-20.034472465515137
1gua_I_170_F,-1.299,-25.28264808654785
1gua_I_170_L,-0.771,-9.279109239578247
1gua_R_171_A,0.178,-5.399921417236328
1gua_V_172_A,-2.251,-12.210941791534424
1gua_L_174_A,-3.46,-21.27079963684082
1gua_P_175_A,-1.708,-10.741169452667236
1gua_N_176_A,-1.14,-4.844850540161133
1gua_Q_178_A,-0.504,-6.479087591171265
1gua_T_180_A,-0.109,-1.6116844415664673
1gua_V_181_A,-1.116,-10.981927871704102
1gua_V_182_A,-1.77,-10.572222232818604
1gua_V_184_A,-1.052,-18.92390537261963
1gua_V_184_I,-0.864,-4.451138734817505
1gua_M_188_A,-0.961,-6.943397045135498
1gua_S_189_A,-1.573,-8.358288049697876
1gua_S_189_T,0.581,1.825685977935791
1gua_L_190_A,-3.803,-13.904902458190918
1gua_D_192_A,-0.493,-4.192971706390381
1gua_C_193_A,0.283,-4.083825349807739
1gua_C_193_I,-0.912,-0.6172044277191162
1gua_L_194_A,-3.529,-17.969728469848633
1gua_L_194_I,-1.6,-8.025054693222046
1gua_L_194_V,-1.7,-11.16494369506836
1gua_A_197_G,-2.149,-9.15985631942749
1gua_L_198_A,-3.226,-12.529510498046875
1gua_R_201_L,1.078,-3.4958605766296387
1gua_L_203_A,-1.575,-15.092098236083984
1gua_P_205_A,-0.082,-2.716158151626587
1gua_C_207_A,-0.08,5.005576848983765
1gua_C_208_A,-1.759,-6.136295795440674
1gua_C_208_L,-0.043,3.85713267326355
1gua_C_208_M,-0.337,0.6406464576721191
1gua_A_209_G,-0.863,-4.808450937271118
1gua_V_210_A,-1.981,-7.667900800704956
1gwy_A_8_D,-1.6,4.619828224182129
1h0x_P_10_A,-1.936,-4.88509726524353
1h0x_P_54_A,-2.581,-5.4942121505737305
1hcq_C_67_A,-2.09,-0.7649414539337158
1hcq_C_67_S,-1.99,-4.506199836730957
1ioj_G_15_A,0.4,-5.54587459564209
1ir3_W_195_F,0.6,-0.9412755966186523
1itm_C_25_T,-3.3,-8.808647155761719
1itm_C_4_T,-5.0,-1.8342127799987793
1itm_W_92_S,1.4,2.687236785888672
1iv7_L_158_C,-1.9,-17.67682456970215
1iv7_A_169_C,0.5,-7.033756256103516
1iv7_F_185_C,-2.5,-9.288579225540161
1iv9_S_76_Y,4.299,-2.1196850538253784
1j8i_R_23_A,0.8,0.9351077079772949
1j8i_K_25_A,0.1,2.000777244567871
1j8i_R_35_A,-0.1,0.5465178489685059
1j8i_R_43_A,0.7,0.2961404323577881
1j8i_K_66_A,0.1,-3.0243163108825684
1j8i_R_9_A,-0.1,0.7384188175201416
1jl9_A_20_C,-1.44,-5.3936262130737305
1jlv_E_64_D,-1.162,-6.538129091262817
1jlv_E_64_N,-2.304,-4.396043300628662
1jlv_E_64_Q,-2.302,-1.3183580040931702
1l6h_F_39_A,-1.697,3.6141834259033203
1l6h_Y_45_A,-0.55,8.175364017486572
1l6h_Y_48_A,-1.482,0.9537863731384277
1lvm_E_114_G,1.4,2.366067886352539
1lvm_S_143_G,0.0,10.766436100006104
1lvm_K_53_F,0.43,-5.645927667617798
1lvm_L_64_V,0.0,0.07229304313659668
1lvm_Q_66_F,0.6,-3.5969533920288086
1n18_E_100_G,-2.5,-13.458414077758789
1n18_V_148_I,0.1,-1.9463215470314026
1n18_H_46_R,1.4,-4.067360162734985
1n18_G_85_R,-1.4,-16.720834255218506
1n88_V_12_A,-1.94,-7.400172472000122
1n88_L_13_A,-1.52,-7.794846773147583
1n88_Y_18_A,0.06,3.0689923763275146
1n88_F_21_A,-1.39,-4.718564748764038
1n88_Y_26_A,-4.61,0.05676853656768799
1n88_V_30_A,-2.84,-2.713302254676819
1n88_I_39_A,-1.39,-7.2384419441223145
1n88_V_43_A,-2.82,-10.731746196746826
1n88_V_49_A,-2.83,-0.4477667808532715
1n88_V_51_A,-3.24,-5.947932600975037
1n88_V_54_A,-3.73,-2.5524603128433228
1n88_L_57_A,-1.11,0.7097547054290771
1n88_I_8_V,-1.52,5.426876664161682
1n88_I_80_A,-2.79,-3.9774028062820435
1n88_V_81_A,-2.82,-6.073848009109497
1n88_V_83_A,-3.1,-14.473801612854004
1n88_I_89_A,-2.35,-3.8249688148498535
1nm1_D_176_N,-0.88,-3.2821930646896362
1nm1_D_176_Y,-1.9,-9.822634220123291
1o1u_E_110_A,-3.3,-1.7470736503601074
1o1u_T_38_A,-1.2,-4.155283689498901
1o1u_W_49_Y,-1.2,-0.6997240781784058
1o1u_Q_51_A,-0.3,0.8293225765228271
1o1u_N_61_A,-1.2,-5.833003282546997
1o1u_Q_99_A,0.3,2.3668951988220215
1o6x_V_12_A,-1.1,0.7443501949310303
1o6x_E_14_A,-0.3,-2.403213143348694
1o6x_I_15_V,-0.43,-0.450788676738739
1o6x_E_20_G,-1.42,-7.605872392654419
1o6x_I_23_V,0.42,-1.3692834377288818
1o6x_L_26_V,-0.97,-8.254605770111084
1o6x_A_31_G,-1.2,-0.806035041809082
1o6x_D_38_A,0.36,-0.793440580368042
1o6x_F_39_L,-1.88,0.38956189155578613
1o6x_K_41_A,-1.98,-1.6191561222076416
1o6x_A_50_G,-1.4,-3.389612078666687
1o6x_H_51_A,-0.61,3.594005823135376
1o6x_V_52_A,-1.08,3.712777853012085
1o6x_N_58_A,-0.08,0.40164268016815186
1o6x_Q_60_G,-0.49,0.4118363857269287
1o6x_V_64_G,-1.1,0.3479728698730469
1o6x_F_65_A,-0.98,-3.536702275276184
1o6x_I_71_V,-1.31,-3.782881498336792
1o6x_Y_73_L,-2.78,-12.810334205627441
1o6x_I_75_A,-1.31,-4.433185815811157
1osi_I_11_V,-0.05,-0.5590522289276123
1osi_V_126_M,-2.25,-11.30272626876831
1osi_V_15_I,-0.78,2.0319100618362427
1osi_S_92_F,0.39,-3.6433584690093994
1pfl_T_108_M,0.07,-0.7738111019134521
1pfl_M_113_T,-3.53,0.5572926998138428
1pfl_G_117_V,-1.96,-6.121899604797363
1pfl_Q_138_L,1.82,-2.19989013671875
1pfl_A_20_T,-1.53,-16.525668621063232
1pre_C_158_S,-2.4,-8.195137977600098
1prg_Q_80_P,-0.3,-21.8573637008667
1prg_R_82_H,0.06,-4.95027220249176
1prg_V_84_M,0.03,-11.490650653839111
1prg_R_151_A,0.19,-2.570671796798706
1prg_F_154_L,-0.4,-3.2183793783187866
1prg_E_254_K,-0.17,-2.229177951812744
1prg_P_261_L,0.11,-11.639414310455322
1r2y_R_243_E,-4.2,-3.0288848876953125
1r6r_L_30_S,-2.81,0.0925590991973877
1r6r_L_34_S,-0.24,-1.1980371475219727
1r6r_L_61_N,-6.84,-19.053815841674805
1r6r_I_68_N,-0.13,-12.624813079833984
1spd_C_111_S,0.8,1.1118764877319336
1spd_C_6_A,0.1,-3.880651593208313
1x0j_R_28_L,-5.22,3.418816328048706
1x0j_E_68_K,-3.48,-6.98493504524231
1x0j_Y_81_H,-6.49,-9.067286729812622
1x0j_D_88_N,-4.1,-4.336688041687012
1x0j_D_88_Y,-4.02,-12.2179594039917
1x0j_D_89_N,-2.21,-0.06118297576904297
1x0j_D_89_Y,-3.38,-1.1798391342163086
1xws_E_92_Q,-2.9,-0.6172316074371338
1xws_E_103_K,-4.59,-1.086168885231018
1xws_E_110_D,-3.22,-1.2737987041473389
1xws_Y_21_H,-3.3,-4.112691402435303
1xxn_N_181_R,0.358,-2.538900375366211
1xxn_S_22_E,0.239,-0.29315125942230225
1xxn_S_27_E,-0.645,-10.734439373016357
1xxn_N_32_D,-0.86,-3.864422082901001
1xxn_N_54_E,-0.645,-4.554474949836731
1xzo_W_99_F,-2.89,-3.3125884532928467
1xzo_W_34_A,-8.93,-10.126925945281982
1xzo_W_34_F,-4.25,2.4419323205947876
1xzo_F_40_W,2.87,1.2007815837860107
2arf_H_38_Q,-0.717,-5.538581848144531
2bjd_V_73_D,-4.493,-32.053653717041016
2bjd_V_73_P,-4.517,-29.730194091796875
2bjd_Y_75_E,-2.103,-9.974452495574951
2c9q_Y_79_F,-0.012,-6.830826997756958
2c9q_Y_79_W,-1.233,-13.812116622924805
2clr_H_289_F,0.12,-0.6390225887298584
2clr_H_307_F,2.605,1.7398301362991333
2clr_H_327_F,-1.912,-2.1773176193237305
2clr_H_360_A,-2.629,-5.516149282455444
2dvv_R_76_W,-0.02,-4.950714349746704
2dvv_Q_100_H,0.89,-1.982086181640625
2h3f_E_11_A,1.07,-7.76772141456604
2hbb_M_1_A,-1.46,-10.067682266235352
2hbb_K_10_E,0.13,0.9410933256149292
2hbb_K_10_M,0.47,-8.652137279510498
2hbb_K_12_A,0.61,-5.116100788116455
2hbb_K_12_G,0.03,-12.2262864112854
2hbb_K_12_M,1.8,-0.9290504455566406
2hbb_K_14_A,-0.73,-8.073652982711792
2hbb_K_14_G,-1.3,-13.659807205200195
2hbb_K_14_M,-0.34,-10.887789726257324
2hbb_K_15_G,-1.74,-12.706482887268066
2hbb_K_15_M,-0.44,-10.32565975189209
2hbb_E_17_A,-1.69,-9.919847965240479
2hbb_E_17_Q,-0.33,-5.26214861869812
2hbb_I_18_A,-2.05,-16.356914043426514
2hbb_I_18_V,-0.07,-2.5820934772491455
2hbb_V_21_A,-2.33,-16.85058355331421
2hbb_A_22_G,-0.32,-1.6928396224975586
2hbb_D_23_A,-0.03,-0.27928996086120605
2hbb_D_23_N,-0.79,-1.0290477275848389
2hbb_G_24_A,0.02,1.6445369720458984
2hbb_A_26_G,-1.79,-8.043966293334961
2hbb_V_3_A,-2.55,-15.556910991668701
2hbb_L_30_A,-2.76,-16.37429714202881
2hbb_F_31_A,-2.84,-4.677833795547485
2hbb_G_34_A,-1.02,-13.191679000854492
2hbb_L_35_A,-1.21,-10.794854164123535
2hbb_A_36_G,-1.55,-6.808813571929932
2hbb_I_37_A,-1.28,-7.0531721115112305
2hbb_I_37_V,0.09,4.258025765419006
2hbb_E_38_A,-0.41,-0.332247257232666
2hbb_E_38_Q,-0.68,-2.7520062923431396
2hbb_A_39_G,-1.59,-11.120136737823486
2hbb_I_4_V,-0.59,0.5831668376922607
2hbb_T_40_S,-0.8,-2.9758380651474
2hbb_A_42_G,-0.33,-3.864717483520508
2hbb_L_44_A,-1.73,-8.506397008895874
2hbb_A_46_G,-0.55,-6.774701118469238
2hbb_L_47_A,-0.84,-9.841124057769775
2hbb_E_48_Q,0.07,-2.723594903945923
2hbb_A_49_G,-0.22,-4.165644407272339
2hbb_F_5_L,-1.15,-12.214105606079102
2hbb_L_6_A,-3.1,-15.64650821685791
2hbb_K_7_M,0.21,-10.368106842041016
2hbb_D_8_A,-1.3,-11.920067310333252
2hbb_D_8_N,-0.38,-3.338599920272827
2hbb_V_9_A,-1.81,-10.858728885650635
2jie_H_101_R,1.536,3.625152826309204
2jie_W_120_F,2.19,1.448928952217102
2jie_W_120_H,1.06,2.093562960624695
2jie_E_154_D,-2.075,3.8038636445999146
2jie_N_163_A,-3.397,-7.3653154373168945
2jie_N_163_C,-2.964,-9.270869731903076
2jie_E_164_A,4.247,-3.6858906745910645
2jie_S_14_A,-1.246,-2.453912138938904
2jie_C_167_A,2.997,3.0379860401153564
2jie_C_167_Q,2.581,3.202130079269409
2jie_L_171_A,-0.79,-6.2664244174957275
2jie_L_171_R,0.336,-6.646217107772827
2jie_T_15_A,-0.994,1.0971596240997314
2jie_S_16_A,0.951,0.39507150650024414
2jie_Y_18_A,-3.443,-4.679255485534668
2jie_Q_19_S,-0.209,0.2704505920410156
2jie_T_218_A,3.189,-6.87831711769104
2jie_N_220_A,-0.671,0.3629462718963623
2jie_N_220_G,3.462,-1.5335516929626465
2jie_N_220_H,2.583,4.57964301109314
2jie_N_220_R,3.976,4.108652710914612
2jie_N_220_Y,5.73,1.9026861190795898
2jie_M_221_A,-4.098,-3.105449914932251
2jie_E_222_A,-4.36,-2.16782808303833
2jie_E_222_H,-1.515,-3.629211664199829
2jie_R_240_A,-0.166,-3.4881060123443604
2jie_R_240_D,0.213,-13.37553882598877
2jie_R_240_K,-1.463,-1.836220145225525
2jie_I_244_E,1.241,-6.805753946304321
2jie_I_244_N,0.974,-4.937538146972656
2jie_N_293_A,-2.25,-1.706150770187378
2jie_N_293_C,-0.017,-5.792465925216675
2jie_Y_294_A,1.072,-9.660260200500488
2jie_Y_294_F,-1.853,-0.2695969343185425
2jie_M_323_A,-1.298,-2.3952916860580444
2jie_W_325_A,-1.159,0.1874527931213379
2jie_W_325_C,-2.664,-3.238355875015259
2jie_W_325_H,-2.573,1.2207214832305908
2jie_W_325_R,-0.95,1.7803597450256348
2jie_S_331_A,-1.454,-0.759444534778595
2jie_T_352_A,-2.961,-7.828068971633911
2jie_W_399_C,-0.36,-11.293148040771484
2jie_W_399_R,2.615,-4.462784290313721
2jie_S_400_A,0.92,-1.1911988258361816
2jie_N_404_A,0.464,0.6009948253631592
2jie_N_404_C,0.143,-0.5102114677429199
2jie_E_406_A,0.825,5.244518280029297
2jie_E_406_D,-0.909,1.1160166263580322
2jie_W_409_Y,0.599,1.9473258256912231
2jie_F_415_A,-0.165,-9.334642171859741
2jie_E_423_S,0.87,-2.1303426027297974
2juc_R_14_A,-1.75,-6.016430616378784
2juc_C_53_D,-2.54,-2.2527847290039062
2juc_C_53_S,-0.71,3.5788216590881348
2kj3_K_13_A,1.5,-3.7632981538772583
2kj3_V_23_A,1.0,-5.193930983543396
2kj3_L_25_A,1.0,-6.304389238357544
2kj3_V_48_A,1.0,-5.680093050003052
2kj3_V_51_A,0.2,0.1970536708831787
2kj3_E_56_A,1.9,1.3740289211273193
2kj3_S_57_A,1.4,4.024273633956909
2kj3_G_62_A,-0.8,-24.20798110961914
2kj3_D_72_A,1.2,-5.436667203903198
2ks4_E_2_A,0.23,-2.9875338077545166
2ks4_D_9_A,-1.26,-4.6795735359191895
2ltb_R_34_Q,-1.1,0.091530442237854
2ltb_R_56_Q,-0.36,-5.790361642837524
2ltb_R_56_W,1.79,-9.63634443283081
2ltb_L_59_P,-1.57,-25.405078887939453
2ltb_L_70_R,-3.11,-22.366389274597168
2ltb_M_120_K,-3.34,2.55024790763855
2m5s_D_81_A,-4.0,-4.835360527038574
2m5s_H_84_A,-2.0,1.4960119724273682
2mpc_R_39_A,0.62,0.0896756649017334
2mpc_R_39_W,2.08,-6.151599407196045
2mpc_A_86_T,-0.24,-11.34925889968872
2n7z_P_88_A,-0.6,-16.733680725097656
2nte_R_91_C,-2.3,-8.094593524932861
2nte_I_171_V,-2.0,-3.274203658103943
2ouo_A_72_D,0.44,1.2976486682891846
2pr5_N_87_F,0.9,2.773087978363037
2pr5_N_87_Y,0.8,3.6998519897460938
2pr5_D_89_E,0.3,-1.0613536834716797
2pr5_M_91_F,2.9,0.99900221824646
2pr5_V_100_I,1.4,-0.2794877290725708
2pr5_N_104_F,1.1,-1.819054126739502
2pr5_N_104_Y,2.6,-1.1420385837554932
2pr5_H_2_K,0.3,2.3761913776397705
2pr5_H_2_W,1.2,-2.827462673187256
2pr5_V_5_I,0.4,-3.0564239025115967
2pr5_T_10_M,0.5,-9.879261016845703
2pr5_A_13_Y,0.5,-4.652383089065552
2pr5_T_30_M,-0.5,-14.665797233581543
2pr5_T_34_Y,0.2,-7.4308624267578125
2pr5_A_61_M,-0.4,-17.938729286193848
2pr5_V_68_L,-0.2,-12.680861949920654
2pr5_V_70_I,-0.7,-7.906430006027222
2ptl_V_18_A,-1.22,-0.1186075210571289
2ptl_T_19_A,-1.63,-2.343846917152405
2ptl_I_20_A,-4.9,-1.9403681755065918
2ptl_I_20_V,-0.56,2.2596365213394165
2ptl_K_21_A,-0.92,-1.852790355682373
2ptl_A_22_G,-2.43,-0.05250716209411621
2ptl_N_23_A,-1.87,6.173041820526123
2ptl_L_24_A,-3.12,-5.667722940444946
2ptl_I_25_A,-1.37,5.563885450363159
2ptl_I_25_V,-0.47,0.26908063888549805
2ptl_F_26_A,-3.12,-9.14508581161499
2ptl_F_26_L,-0.68,-3.8802828788757324
2ptl_A_27_P,0.1,-5.064704179763794
2ptl_A_27_V,-0.83,-4.437528610229492
2ptl_N_28_A,-1.78,-3.89945650100708
2ptl_G_29_A,-1.52,-16.088798999786377
2ptl_G_29_V,-2.53,-20.8483943939209
2ptl_S_30_A,-0.3,-1.0804729461669922
2ptl_T_31_A,-1.17,0.15262246131896973
2ptl_T_33_A,-1.11,-2.3863269090652466
2ptl_A_34_G,-2.17,-2.6368850469589233
2ptl_A_34_V,1.47,-9.36624026298523
2ptl_E_35_A,-0.59,-2.1752829551696777
2ptl_F_36_A,-4.15,1.5762412548065186
2ptl_F_36_L,-3.12,1.2293179035186768
2ptl_K_37_A,-0.88,-0.20256364345550537
2ptl_G_38_A,-2.08,-13.343780040740967
2ptl_T_39_A,-1.25,3.43218731880188
2ptl_F_40_G,-3.08,9.456395149230957
2ptl_F_40_L,-0.38,2.273789882659912
2ptl_K_42_G,0.16,0.5794037580490112
2ptl_A_43_G,-2.54,0.21998882293701172
2ptl_T_44_A,-1.09,-1.8710126876831055
2ptl_S_45_A,0.41,0.8594434261322021
2ptl_S_45_G,-0.82,-0.6009407043457031
2ptl_E_46_G,-1.19,-4.308551073074341
2ptl_E_46_I,-1.08,-0.5485844612121582
2ptl_A_47_G,-3.1,-3.376481533050537
2ptl_Y_48_A,-2.82,-3.260817050933838
2ptl_A_49_G,-1.32,-2.6474978923797607
2ptl_Y_50_A,-2.46,-9.57086181640625
2ptl_A_51_G,-3.12,-2.673100233078003
2ptl_D_52_A,-1.21,-0.5951950550079346
2ptl_D_52_G,-2.14,-0.29728901386260986
2ptl_T_53_G,-0.17,-1.8184292316436768
2ptl_L_54_A,-2.44,5.259616374969482
2ptl_K_55_A,0.58,-3.2379150390625
2ptl_K_56_A,0.35,-0.7583789825439453
2ptl_N_58_A,-0.34,0.2929699420928955
2ptl_G_59_A,-2.23,-10.483925342559814
2ptl_E_60_A,-0.23,-0.08298444747924805
2ptl_T_62_A,-0.97,-5.75601053237915
2ptl_V_63_A,-0.92,1.6320768594741821
2ptl_D_64_A,-0.2,-3.5137410163879395
2ptl_V_65_A,-1.14,1.7319245338439941
2ptl_A_66_G,-0.49,-3.299528121948242
2ptl_K_68_A,-0.09,-1.5346028804779053
2ptl_G_69_A,-2.04,-14.76971435546875
2ptl_Y_70_A,-1.66,-2.741318702697754
2ptl_Y_70_L,0.43,2.5546947717666626
2ptl_T_71_A,-1.83,-0.19428753852844238
2ptl_L_72_A,-3.77,-3.0128912925720215
2ptl_N_73_A,-1.73,-6.346201181411743
2ptl_I_74_A,-4.72,-4.132915258407593
2ptl_I_74_V,-1.69,-2.2436444759368896
2ptl_K_75_A,-0.45,-3.8863539695739746
2ptl_F_76_L,-3.34,-6.9333109855651855
2ptl_F_76_V,-3.73,-17.26885175704956
2rpn_V_21_K,0.39,3.4328370094299316
2rpn_E_7_L,1.05,2.157883644104004
2vy0_D_254_A,-5.975,-1.3115172386169434
2vy0_E_20_A,-6.597,-1.0378832817077637
2wqg_V_10_A,-0.1,0.6518566608428955
2wqg_V_10_G,-0.7,-0.994873046875
2wqg_V_11_A,0.4,3.90464448928833
2wqg_V_11_G,0.1,1.3578577041625977
2wqg_Q_12_A,-0.6,-1.560826063156128
2wqg_Q_12_G,-2.0,-5.736508369445801
2wqg_L_13_A,-0.5,4.146543025970459
2wqg_K_14_A,-0.4,-1.4243578910827637
2wqg_K_14_G,-1.9,-0.5959104299545288
2wqg_D_15_A,0.3,-1.1989768743515015
2wqg_L_16_A,-1.3,-2.3475077152252197
2wqg_K_19_A,-0.3,-0.42022597789764404
2wqg_S_23_A,-0.6,-3.6006758213043213
2wqg_V_24_A,-0.5,8.338320970535278
2wqg_K_28_A,-0.6,-3.3239026069641113
2wqg_Q_33_A,0.1,0.9734489917755127
2wqg_R_34_A,-0.8,-0.09599006175994873
2wqg_I_36_A,-0.9,7.024302244186401
2wqg_I_36_V,-0.3,0.8126621246337891
2wqg_D_38_A,0.1,1.155069351196289
2wqg_D_39_A,-2.2,-3.64361572265625
2wqg_D_39_N,-2.6,-2.145846128463745
2wqg_E_40_Q,-0.1,-2.027962803840637
2wqg_E_41_G,-0.4,-3.645397186279297
2wqg_Y_5_F,-2.4,-0.25527000427246094
2wqg_S_6_A,0.1,0.0259019136428833
2wqg_S_6_G,-0.2,-2.7355856895446777
2wqg_L_8_A,-2.0,-0.7774442434310913
2wqg_T_9_S,0.1,-1.0621556639671326
2zta_E_11_Q,-0.74,-2.975433111190796
2zta_K_15_A,-0.41,-5.832601070404053
2zta_E_20_Q,0.2,-2.189038395881653
2zta_E_22_Q,-1.83,-2.718901515007019
2zta_R_25_A,-1.66,-0.21967816352844238
2zta_K_27_A,-0.91,-6.434176206588745
2zta_K_28_A,-0.06,-0.4984694719314575
2zta_K_8_A,-0.39,-3.302953839302063
3bci_T_140_V,-1.137,2.613416314125061
3bci_E_83_Q,1.369,-1.4399731159210205
3bn0_I_19_V,-1.506,-2.644638776779175
3c2i_L_10_V,-1.11,-12.657440185546875
3c2i_R_16_Q,-0.12,-8.60930871963501
3c2i_R_16_W,-0.04,-17.20266103744507
3c2i_R_21_G,0.43,-11.371073722839355
3c2i_R_43_C,-0.37,-8.167789936065674
3c2i_R_43_H,-0.24,-3.569543957710266
3c2i_S_44_C,-1.05,-7.091614723205566
3c2i_P_62_R,-1.46,-15.649799823760986
3c2i_F_65_S,-0.43,-11.417168140411377
3c2i_D_66_E,-0.88,-7.068497657775879
3c2i_T_68_A,-0.47,-3.8465754985809326
3c2i_T_68_M,-0.25,-8.173694133758545
3d2a_M_132_E,3.02,2.6032278537750244
3d2a_M_135_P,3.34,12.395557880401611
3d2a_S_161_P,2.11,1.350968599319458
3d3b_D_118_A,-0.65,-4.891539573669434
3d3b_D_118_E,-0.6,-2.20029878616333
3d3b_D_118_K,-1.6,-3.8902580738067627
3d3b_D_118_N,-1.34,-0.031441688537597656
3d3b_D_118_R,-1.41,-4.93313193321228
3dv0_V_2695_A,-0.7,-2.4251856803894043
3dv0_V_2695_G,-1.0,-3.2898685932159424
3dv0_I_2696_A,-0.7,5.233316898345947
3dv0_I_2696_G,-1.4,0.28196096420288086
3dv0_I_2696_V,-0.2,2.3622279167175293
3dv0_A_2697_G,-1.7,-11.422004699707031
3dv0_V_2701_A,-1.5,-8.16871690750122
3dv0_Y_2704_F,-2.0,-3.3577699661254883
3dv0_A_2705_G,-2.3,-6.821765661239624
3dv0_E_2707_A,-0.7,-3.6183160543441772
3dv0_E_2707_Q,-0.4,-3.4619252681732178
3dv0_V_2710_A,-2.0,-10.503596782684326
3dv0_D_2711_A,-2.1,-11.46205997467041
3dv0_D_2711_N,-0.9,-5.341063022613525
3dv0_I_2712_A,-2.7,-14.427196502685547
3dv0_I_2712_V,-1.2,-6.1771018505096436
3dv0_V_2715_A,-2.8,-15.385505676269531
3dv0_V_2715_G,-4.1,-30.329411506652832
3dv0_V_2724_A,-3.2,-17.523655891418457
3dv0_L_2725_A,-2.0,-8.226713180541992
3dv0_L_2725_G,-1.9,-9.270426273345947
3dv0_L_2725_V,-0.6,-5.099481582641602
3dv0_D_2728_N,-2.0,-15.265807628631592
3dv0_I_2729_V,-0.5,-1.5875104069709778
3dv0_D_2730_A,-2.3,-6.453249216079712
3dv0_D_2730_G,-3.7,-9.511893272399902
3dv0_D_2730_N,-1.9,-5.453415632247925
3dv0_A_2731_G,-0.9,-4.0330586433410645
3dv0_L_2733_A,-1.2,-8.813443660736084
3dv0_L_2733_V,-0.2,-1.4824144840240479
3dv0_A_2734_G,-0.3,-6.437178134918213
3ecu_H_46_R,0.8,-5.366384267807007
3fis_P_36_A,-0.5,-10.106694459915161
3g1g_D_5_Y,0.34,-9.563011169433594
3g1g_F_17_Y,-0.74,-4.1872090101242065
3g1g_R_35_W,1.32,-10.611923933029175
3g1g_I_40_V,-0.17,-7.17139458656311
3k82_E_30_L,-3.35,-1.309274435043335
3k82_E_30_Q,-1.68,1.6474504470825195
3k82_E_97_R,5.49,-1.1220359802246094
3l15_Y_393_H,-3.23,-7.261235952377319
3mon_W_47_C,-2.866,-3.4364140033721924
3mon_R_83_G,1.194,-2.403588056564331
3o39_Q_72_L,-2.0,0.6727654933929443
3o39_F_87_I,-1.81,-9.919118881225586
3o39_F_87_L,-1.64,0.5573363304138184
3o39_L_4_P,-3.25,-10.916726112365723
3o39_Q_21_L,-0.05,2.895569086074829
3o39_H_68_L,-0.58,3.3283090591430664
3s4m_D_34_Y,-1.3,-21.32822608947754
3s4m_G_42_V,-2.5,-25.174226760864258
3s4m_I_66_F,0.096,-20.08461570739746
3s4m_W_67_R,-0.693,1.0000860691070557
3s92_H_89_R,2.03,-8.998802185058594
4bjx_A_48_V,0.99,-0.09707260131835938
4buq_Y_137_A,0.89,-1.9329174757003784
4buq_Y_48_A,-1.435,2.272399663925171
4he7_A_19_D,-0.24,0.48897314071655273
4he7_A_19_G,0.06,-4.104873180389404
4he7_A_19_K,-0.46,0.07459402084350586
4n6v_P_757_G,-1.362,-10.064809322357178
4n6v_H_796_W,0.574,0.30001282691955566
4n6v_P_800_S,1.745,-6.866158962249756
4waa_R_19_A,-0.44,-3.958738327026367
4waa_K_57_A,0.1,-4.101142406463623
4waa_K_59_A,-2.07,-3.5066351890563965
4yee_V_60_T,-0.71,-3.1837466955184937
4yef_T_58_V,-0.93,2.1636487245559692
5jxb_D_25_G,-1.44,-1.154068946838379
5jxb_D_25_P,-1.44,-5.337090730667114
5oaq_Y_199_H,-2.99,-13.397188663482666
5vp3_S_128_G,-0.378,-8.731921195983887
5vp3_V_183_T,0.354,-3.005846858024597
5vp3_R_39_K,0.413,-1.2540748119354248
