,id,mutation,ddg,pythiascore
0,1amqA,C179Y,2.3,12.208394050598145
1,1amqA,C179F,1.6,10.218311786651611
2,1amqA,C179W,3.9,14.020514488220217
3,1amqA,C179S,1.9,3.73123836517334
4,1bniA,F4L,4.1,0.5660817953757942
5,1bniA,L11A,4.5,9.534976482391356
6,1bniA,T23A,1.7,11.063392162322998
7,1bniA,I48V,1.1,4.212747812271118
8,1bniA,I73A,1.7,7.088618278503418
9,1bniA,I73V,1.0,1.539038673043251
10,1bniA,Y75F,1.1,0.9914446473121644
11,1bniA,I85A,4.0,11.380849361419678
12,1bniA,I85V,1.6,5.200811862945557
13,1bniA,L86V,0.5,-0.7750634253025055
14,1bniA,S88A,2.4,7.946224212646484
15,1bniA,I93A,3.2,14.075786590576172
16,1bniA,I93V,3.1,1.3128352463245392
17,1ceyA,D10A,-2.5,-1.541714787483215
18,1ceyA,D11A,-2.7,-0.1344184875488281
19,1ceyA,D55A,-3.3,2.863239049911499
20,1ey0A,T16C,0.9,9.014691829681396
21,1ey0A,T16V,0.9,0.4696663208305836
22,1ey0A,V17L,0.1,8.823378801345825
23,1ey0A,L19I,1.7,8.579614162445068
24,1ey0A,T27V,-0.4,0.6857534572482109
25,1ey0A,T35C,-0.6,1.5698352456092834
26,1ey0A,T35I,-0.7,16.296689987182617
27,1ey0A,T35S,1.1,9.198379039764404
28,1ey0A,T35V,-0.8,8.496272563934326
29,1ey0A,T38V,-0.1,-4.295829653739929
30,1ey0A,S53A,-0.5,-4.159345865249634
31,1ey0A,T56S,2.1,12.628031730651855
32,1ey0A,T56V,0.2,-0.7160649299621582
33,1ey0A,V60I,1.0,3.9257187843322754
34,1ey0A,V60L,0.3,-0.2422376275062561
35,1ey0A,V60K,7.5,25.674784660339355
36,1ey0A,I66L,0.2,8.47831392288208
37,1ey0A,I66V,1.2,1.795183181762695
38,1ey0A,T76S,0.7,5.549005031585693
39,1ey0A,I86V,0.4,0.1929630041122436
40,1ey0A,K110G,-1.0,3.5848668813705444
41,1ey0A,P111A,-0.8,13.2248215675354
42,1ey0A,P111G,-0.9,10.92751932144165
43,1ey0A,P111T,-1.1,12.331503868103027
44,1ey0A,T114C,1.7,10.295100688934326
45,1ey0A,T114S,0.6,4.620898008346558
46,1ey0A,T114V,1.8,3.477122664451599
47,1ey0A,S122A,-0.7,-4.091841101646423
48,1ihbA,F66N,-0.7,-0.1511129438877105
49,1ihbA,F77Q,0.4,0.4680064916610718
50,1ihbA,F87N,1.1,3.084463737905025
51,1iobA,T8G,2.6,14.627476215362549
52,1l63A,M5A,1.9,1.978322148323059
53,1l63A,M5L,2.8,1.147710219025612
54,1l63A,E10H,-0.1,7.583724737167358
55,1l63A,E10N,0.1,6.032095432281494
56,1l63A,I16A,2.7,14.37652587890625
57,1l63A,D19A,0.3,15.306085586547852
58,1l63A,D19N,-1.3,-1.6721359491348269
59,1l63A,D19S,-0.7,8.919164657592773
60,1l63A,I26A,3.1,9.820235252380373
61,1l63A,I26M,3.1,12.769761085510254
62,1l63A,I28A,2.6,7.788860082626343
63,1l63A,S37N,-0.0,5.25929069519043
64,1l63A,A40S,0.6,3.2374088764190674
65,1l63A,A41V,2.7,18.03328514099121
66,1l63A,A41S,2.3,10.291910648345947
67,1l63A,K42A,1.0,7.897498369216919
68,1l63A,S43A,-0.3,-1.388282835483551
69,1l63A,S43I,-0.3,1.3110334128141403
70,1l63A,S43L,-0.4,1.2976129949092865
71,1l63A,S43K,-0.2,-1.394583523273468
72,1l63A,S43E,-0.0,-2.353548169136048
73,1l63A,S43G,0.5,4.023865103721619
74,1l63A,S43R,-0.2,0.3838411048054695
75,1l63A,S43N,0.1,0.8838030397891998
76,1l63A,S43F,-0.1,3.199995160102844
77,1l63A,S43P,3.0,17.157188415527344
78,1l63A,S43T,-0.0,-1.194611132144928
79,1l63A,S43V,-0.1,1.7083552330732346
80,1l63A,L45A,1.9,5.282144069671631
81,1l63A,D46A,1.0,10.56639575958252
82,1l63A,A48S,0.5,5.64066207408905
83,1l63A,I49A,2.0,9.752640724182127
84,1l63A,I49M,0.4,8.343604564666748
85,1l63A,I57A,3.2,22.90777969360352
86,1l63A,I57T,3.4,20.86750888824463
87,1l63A,T58A,1.5,10.33114242553711
88,1l63A,T58D,1.2,7.988234996795654
89,1l63A,T58G,1.6,6.8987650871276855
90,1l63A,T58N,1.1,9.019234657287598
91,1l63A,T58S,0.2,1.079280436038971
92,1l63A,T58V,1.5,15.242493152618408
93,1l63A,L65M,1.0,5.902126312255859
94,1l63A,F66A,1.9,2.890698432922364
95,1l63A,D71P,2.7,15.672706127166748
96,1l63A,A72S,0.4,1.2267450392246246
97,1l63A,V74T,1.3,6.050950288772583
98,1l63A,I77A,1.2,17.89829158782959
99,1l63A,I77M,1.5,11.626053810119627
100,1l63A,I77V,0.8,5.2702964544296265
101,1l63A,A81S,0.3,0.0165148675441741
102,1l63A,L83A,2.6,28.185282707214355
103,1l63A,L83M,1.9,15.300467014312744
104,1l63A,V86A,1.7,11.64705514907837
105,1l63A,V86M,2.3,17.110639572143555
106,1l63A,V86I,0.3,7.551608324050903
107,1l63A,V86T,1.6,8.836096286773682
108,1l63A,L90A,3.9,9.960748195648192
109,1l63A,L90M,0.8,6.068450689315796
110,1l63A,D91N,1.4,2.2693678736686707
111,1l63A,A92S,0.2,0.2304468750953674
112,1l63A,A97C,1.0,9.732189178466797
113,1l63A,A97L,4.3,15.497164249420166
114,1l63A,A97S,2.5,5.419681072235107
115,1l63A,A97V,3.2,14.09256362915039
116,1l63A,L98A,4.5,18.40286064147949
117,1l63A,L98F,0.3,16.340126514434814
118,1l63A,L98I,1.5,8.823712825775146
119,1l63A,L98M,0.6,11.53625202178955
120,1l63A,L98V,2.0,8.307668685913086
121,1l63A,I99A,3.4,9.941296577453612
122,1l63A,I99M,1.6,9.925390243530272
123,1l63A,I99V,0.4,0.0090316534042358
124,1l63A,N100A,1.5,-0.5837596654891968
125,1l63A,M101L,1.0,-3.978689551353455
126,1l63A,V102A,2.2,10.78713846206665
127,1l63A,V102I,0.5,7.7077836990356445
128,1l63A,V102M,1.2,14.30457878112793
129,1l63A,F103M,0.4,8.7686026096344
130,1l63A,Q104M,1.2,3.5259515047073364
131,1l63A,M105I,-0.2,-6.934107303619385
132,1l63A,M105L,-0.5,-1.863543212413788
133,1l63A,M105K,3.4,-1.4024664163589478
134,1l63A,T108D,-0.6,-2.353510022163391
135,1l63A,T108N,-0.1,1.258050799369812
136,1l63A,V110A,1.3,12.398863792419434
137,1l63A,V110I,0.9,8.77414608001709
138,1l63A,V110M,0.7,15.155065059661863
139,1l63A,S116F,-1.1,0.7023906111717224
140,1l63A,L117A,3.2,16.92282772064209
141,1l63A,L117M,0.7,12.123307704925535
142,1l63A,M119L,-0.5,-9.428644180297852
143,1l63A,M119K,1.6,-0.5719524174928665
144,1l63A,M119Y,0.1,0.6655688881874084
145,1l63A,L120M,0.8,5.776500463485718
146,1l63A,A128F,1.2,11.23275661468506
147,1l63A,A128W,2.2,15.106043815612791
148,1l63A,A129S,-1.0,6.301644325256348
149,1l63A,L132F,0.3,3.838008165359497
150,1l63A,L132M,0.4,1.987759113311768
151,1l63A,A133S,0.1,-1.3378727734088898
152,1l63A,N143E,-0.5,-5.785590648651123
153,1l63A,V148A,3.2,8.674809455871582
154,1l63A,V148C,2.0,9.607421875
155,1l63A,V148G,4.9,13.1641526222229
156,1l63A,V148I,0.1,-2.529236078262329
157,1l63A,V148M,2.8,6.554651975631714
158,1l63A,V148T,2.8,1.5891628861427307
159,1l63A,V148S,4.4,10.595604419708252
160,1l63A,T151A,1.5,2.3829705715179443
161,1l63A,T151C,0.5,4.278451263904572
162,1l63A,T151I,0.4,-0.4071456789970398
163,1l63A,T151S,2.0,6.709365129470825
164,1l63A,T151V,-0.2,0.2784937620162964
165,1l63A,F152A,3.8,9.036315441131592
166,1l63A,F152I,0.2,-6.300614356994629
167,1l63A,F152L,-0.3,-5.27140474319458
168,1l63A,F152M,0.6,2.899590015411377
169,1l63A,F152V,1.8,-3.560076713562012
170,1lz1A,V1A,1.5,6.97935676574707
171,1lz1A,V1G,1.3,10.16641330718994
172,1lz1A,V1S,1.4,6.123529672622681
173,1lz1A,V1Y,0.4,10.68134880065918
174,1lz1A,V1D,1.4,6.261752843856812
175,1lz1A,V1N,1.3,4.43939745426178
176,1lz1A,V1R,0.4,0.6901371031999588
177,1lz1A,V1L,-0.3,5.967398405075073
178,1lz1A,V1M,0.2,7.474687337875366
179,1lz1A,V1F,0.8,11.07542324066162
180,1lz1A,Y19F,0.5,2.436734676361084
181,1lz1A,I22A,2.5,8.716603994369507
182,1lz1A,I22V,0.4,0.0863462090492248
183,1lz1A,Y37F,0.2,-2.263045072555542
184,1lz1A,Y44F,-0.1,0.6787339122965932
185,1lz1A,A46P,-0.1,2.458801090717316
186,1lz1A,Y53F,1.0,1.984879493713379
187,1lz1A,I55A,3.7,13.905408382415771
188,1lz1A,I55T,4.3,13.436148643493652
189,1lz1A,I55V,1.2,1.404520034790039
190,1lz1A,I58A,1.7,10.661826133728027
191,1lz1A,I58G,3.8,13.22254514694214
192,1lz1A,I58V,1.1,7.050609588623047
193,1lz1A,Y62F,0.2,1.350156545639038
194,1lz1A,P70G,1.6,11.841843605041504
195,1lz1A,V73A,0.4,3.5894359350204468
196,1lz1A,V73G,0.1,8.120306015014648
197,1lz1A,V73I,1.9,0.4631054475903511
198,1lz1A,V73L,0.4,0.1630355715751648
199,1lz1A,V73M,0.4,3.184543371200561
200,1lz1A,V73F,-0.0,5.787522554397583
201,1lz1A,V73Y,0.3,5.801196336746216
202,1lz1A,V73D,0.4,4.2608301639556885
203,1lz1A,V73N,0.3,3.676931381225586
204,1lz1A,V73R,0.1,0.6657938957214355
205,1lz1A,V73S,0.4,4.244868516921997
206,1lz1A,C76A,4.6,15.350691318511965
207,1lz1A,I88A,2.7,14.064378261566162
208,1lz1A,I88V,0.5,3.7718623876571655
209,1lz1A,D90P,0.4,0.0036216974258422
210,1lz1A,V92A,0.7,6.766154527664185
211,1lz1A,V98A,1.0,9.264394283294678
212,1lz1A,V99A,0.3,10.350088596343994
213,1lz1A,P102G,0.1,5.925591468811035
214,1lz1A,I105A,0.9,4.385722160339356
215,1lz1A,I105V,0.7,3.4439905881881714
216,1lz1A,V109A,-0.5,-0.693506546318531
217,1lz1A,V109D,-0.2,-1.4678342938423157
218,1lz1A,V109G,2.2,1.7651287317276
219,1lz1A,V109I,0.8,1.4849525690078735
220,1lz1A,V109L,-0.1,2.966805577278137
221,1lz1A,V109M,-0.4,5.23794412612915
222,1lz1A,V109N,-0.1,0.2430818229913711
223,1lz1A,V109R,-0.9,1.3336723446846008
224,1lz1A,V109F,1.9,4.893042325973511
225,1lz1A,V109P,-0.5,-4.2390254735946655
226,1lz1A,V109Y,0.1,4.51209831237793
227,1lz1A,V120A,1.4,10.562129020690918
228,1lz1A,Y123F,0.4,0.9473230838775636
229,1lz1A,V124A,1.3,9.824776649475098
230,1lz1A,V129A,0.8,10.037428855895996
231,1oh0A,Y29F,-0.2,-7.952020168304443
232,1oh0A,Y54F,1.2,0.3984861820936203
233,1rn1C,Q24K,-1.4,-1.4332152605056765
234,1vqbA,I46L,0.4,2.316154956817627
235,1vqbA,I46M,1.7,7.258157730102539
236,1vqbA,I46V,2.0,2.3934266567230225
237,1vqbA,V34I,0.6,1.5056778192520142
238,1vqbA,Y40F,3.2,0.7346658408641815
239,2lzmA,I2L,-0.7,4.059669733047485
240,2lzmA,I2C,-0.0,9.00946307182312
241,2lzmA,I2P,3.0,9.094652891159058
242,2lzmA,I2Y,2.3,10.916964054107666
243,2lzmA,I2V,0.4,0.2678514122962951
244,2lzmA,M5I,1.4,1.0889544002711773
245,2lzmA,K15E,-0.5,0.2440751940011978
246,2lzmA,S37D,-0.6,3.438605070114136
247,2lzmA,N54G,0.6,2.5017129778862
248,2lzmA,K59P,-0.0,5.359594345092773
249,2lzmA,G76A,-0.4,-1.5883701741695404
250,2lzmA,A81P,-0.8,-3.574711561203003
251,2lzmA,K84A,0.6,3.3896249532699585
252,2lzmA,D88A,0.5,3.437443256378174
253,2lzmA,R95A,2.0,9.058876037597656
254,2lzmA,R95D,3.5,15.644319534301758
255,2lzmA,R95M,2.7,10.008817672729492
256,2lzmA,R95E,2.5,9.72245979309082
257,2lzmA,R95G,2.6,9.957556247711182
258,2lzmA,R95Q,0.3,0.3598518669605255
259,2lzmA,R95H,3.1,11.69932460784912
260,2lzmA,R95N,3.0,11.519330024719238
261,2lzmA,R95K,-0.0,-0.0289736092090606
262,2lzmA,R95S,2.6,10.226068496704102
263,2lzmA,R95Y,4.7,14.228495121002195
264,2lzmA,R95V,2.4,10.904020309448242
265,2lzmA,R95W,4.5,16.347976207733154
266,2lzmA,A97V,4.9,12.6934552192688
267,2lzmA,Q104A,0.6,0.81286630500108
268,2lzmA,Q104E,1.1,-0.6768935993313789
269,2lzmA,Q104G,1.5,6.141941547393799
270,2lzmA,G112A,-0.3,0.4389744624495506
271,2lzmA,T114E,-0.3,-1.3399558663368225
272,2lzmA,N115D,-0.6,-2.356196403503418
273,2lzmA,R118E,-0.0,-0.4604010060429573
274,2lzmA,Q122E,-0.4,-2.6204640865325928
275,2lzmA,K123G,0.1,0.9359882473945618
276,2lzmA,V130A,-0.3,0.7906700968742371
277,2lzmA,V130D,-0.1,0.670384556055069
278,2lzmA,V130G,0.7,5.459858655929565
279,2lzmA,V130I,-0.2,1.0924688577651978
280,2lzmA,V130L,-0.1,3.394047498703003
281,2lzmA,V130S,0.1,2.8847614526748657
282,2lzmA,V130M,-0.1,6.227837562561035
283,2lzmA,V130E,-0.2,-1.301640972495079
284,2lzmA,L132A,4.2,9.05496883392334
285,2lzmA,K134E,1.0,3.526772737503052
286,2lzmA,N143D,-0.4,-3.554115533828736
287,2lzmA,K146E,0.7,-2.1737606525421143
288,2lzmA,V148C,2.2,11.12843418121338
289,2lzmA,T151S,2.6,7.462167501449585
290,2lzmA,R153E,1.1,4.817987680435181
291,2lzmA,G155D,2.3,12.348368167877195
292,2lzmA,T156A,0.5,8.867926597595215
293,2lzmA,T156C,1.3,11.550334930419922
294,2lzmA,T156D,1.1,7.25680685043335
295,2lzmA,T156E,0.8,5.863971471786499
296,2lzmA,T156F,2.4,12.327553749084473
297,2lzmA,T156G,1.1,7.292426824569702
298,2lzmA,T156H,2.1,9.619224548339844
299,2lzmA,T156I,1.5,12.81562089920044
300,2lzmA,T156L,1.7,8.173342227935791
301,2lzmA,T156N,1.2,6.926481008529663
302,2lzmA,T156R,-0.3,5.994191884994507
303,2lzmA,T156S,0.7,3.69861102104187
304,2lzmA,T156V,1.2,11.320111751556396
305,2rn2A,D9N,-0.9,3.709299802780152
306,2rn2A,E47Q,-0.2,1.7693113684654236
307,2rn2A,A51F,0.5,7.187902927398682
308,2rn2A,A51I,-1.9,-0.4846981763839721
309,2rn2A,A51L,-1.3,-0.0290362834930419
310,2rn2A,A51V,-1.7,-3.3265581130981445
311,2rn2A,H61A,-0.4,-1.4484410285949707
312,2rn2A,H61P,-1.1,0.1468307375907898
313,2rn2A,D69N,-0.9,3.1954445838928223
314,2rn2A,V73L,-1.0,-8.835099697113037
315,2rn2A,V73I,-0.6,-4.585650444030762
316,2rn2A,G76A,0.9,-1.9604492783546448
317,2rn2A,K94A,-0.1,2.22437047958374
318,2rn2A,K94G,-1.9,0.0553159713745117
319,2rn2A,K94N,-0.9,-5.2923619747161865
320,2rn2A,D133A,-2.1,0.3197318315505981
321,2rn2A,D133H,-2.3,-0.0728186964988708
322,2rn2A,D133N,-1.0,2.256174355745316
323,4lyzA,M11F,-0.5,-5.651984214782715
324,4lyzA,M11L,0.4,-7.504204750061035
325,4lyzA,T39S,0.3,-2.100732982158661
326,4lyzA,G48A,0.7,4.32019305229187
327,4lyzA,I54V,0.9,3.4821364879608154
328,4lyzA,I57M,1.2,4.159050226211548
329,4lyzA,G66A,0.5,6.370856761932373
330,4lyzA,G70A,2.1,-1.85575732588768
331,4lyzA,I77M,0.9,4.91212797164917
332,4lyzA,S90A,0.2,-1.4866113662719729
333,4lyzA,S90T,-1.0,-0.4476929903030395
334,4lyzA,I97M,0.9,7.104886054992676
335,4lyzA,G101A,1.2,9.66817331314087
336,4lyzA,G116A,0.8,13.54520559310913
337,5ptiA,F21A,1.2,3.559886693954468
338,5ptiA,Y22A,5.9,18.125015258789062
339,5ptiA,Y34G,5.0,13.355319023132324
340,5ptiA,N42G,5.7,27.671725273132324
341,5ptiA,F44A,6.9,18.297677040100098
