,Unnamed: 0,ddg,pdb_code,chain,position,from_aa,to_aa,ll_native,ll_mut,delta
0,0,-1.8,1a0f,A,11,S,A,-0.8976598331584266,-0.9162432922059623,-0.018583459047535777
1,1,-2.69,1a7v,A,104,A,H,-0.891637451171875,-0.9541561279296875,-0.06251867675781253
7,7,-0.6,1a7v,A,13,K,H,-0.891637451171875,-0.9122192993164062,-0.020581848144531234
8,8,-2.88,1a7v,A,20,K,H,-0.891637451171875,-0.9413796997070313,-0.0497422485351563
4,4,-1.36,1a7v,A,3,D,H,-0.891637451171875,-0.9543949584960938,-0.06275750732421881
9,9,-1.36,1a7v,A,31,K,H,-0.891637451171875,-0.9678907470703125,-0.07625329589843755
10,10,-1.86,1a7v,A,39,K,H,-0.891637451171875,-0.9394454956054688,-0.047808044433593766
11,11,-2.02,1a7v,A,49,K,H,-0.891637451171875,-0.9665550537109375,-0.07491760253906254
5,5,-2.05,1a7v,A,58,D,H,-0.891637451171875,-0.978363525390625,-0.08672607421875
2,2,-1.98,1a7v,A,66,A,H,-0.891637451171875,-0.9151682739257813,-0.023530822753906278
6,6,-3.01,1a7v,A,73,E,H,-0.891637451171875,-0.9645812377929688,-0.0729437866210938
12,12,-2.88,1a7v,A,84,K,H,-0.891637451171875,-0.9258168334960938,-0.0341793823242188
3,3,-1.7,1a7v,A,91,A,H,-0.891637451171875,-0.917056396484375,-0.025418945312499996
13,13,-1.97,1a7v,A,97,K,H,-0.891637451171875,-0.9347879028320313,-0.0431504516601563
14,14,-1.745,1ba3,A,461,H,D,-1.0282726146556713,-1.0397840711805555,-0.011511456524884167
15,15,0.287,1ba3,A,489,H,D,-1.0282726146556713,-1.0239766438802083,0.004295970775463065
16,16,-0.287,1ba3,A,489,H,K,-1.0282726146556713,-1.0231719970703126,0.0051006175853587354
17,17,-0.263,1ba3,A,489,H,M,-1.0282726146556713,-1.0331667299623843,-0.0048941153067130205
18,18,-0.7,1bfm,A,35,M,W,-1.6310595083927764,-1.6274490356445312,0.0036104727482451082
19,19,-0.4,1bfm,A,35,M,Y,-1.6310595083927764,-1.641950413800668,-0.010890905407891616
20,20,-0.821,1bnl,A,76,D,A,-1.4625463592872192,-1.4722996400983146,-0.009753280811095388
22,22,0.91,1d5g,A,20,I,F,-1.8661766052246094,-1.8858976364135742,-0.019721031188964844
21,21,-0.04,1d5g,A,71,H,Y,-1.8661766052246094,-1.920614242553711,-0.05443763732910156
60,60,-1.46,1div,A,1,M,A,-0.9800759129876259,-1.0059929150062918,-0.02591700201866598
61,61,-2.36,1div,A,1,M,G,-0.9800759129876259,-1.0432503719457844,-0.06317445895815854
42,42,0.05,1div,A,10,K,M,-0.9800759129876259,-1.0226936084312082,-0.04261769544358229
26,26,-0.98,1div,A,100,E,A,-0.9800759129876259,-0.9911623961173448,-0.011086483129718938
27,27,-1.52,1div,A,100,E,G,-0.9800759129876259,-1.0177323514183096,-0.03765643843068378
48,48,-2.37,1div,A,102,L,A,-0.9800759129876259,-1.065525234145606,-0.08544932115798021
32,32,-1.53,1div,A,106,H,Q,-0.9800759129876259,-1.0306089260434144,-0.0505330130557885
49,49,-2.33,1div,A,108,L,A,-0.9800759129876259,-1.0599905948510906,-0.07991468186346473
50,50,-3.21,1div,A,110,L,A,-0.9800759129876259,-1.0763975821885488,-0.09632166920092289
35,35,-3.52,1div,A,115,I,A,-0.9800759129876259,-1.1054556417785235,-0.12537972879089765
51,51,-0.82,1div,A,117,L,A,-0.9800759129876259,-1.072397731294568,-0.0923218183069422
36,36,-2.88,1div,A,121,I,A,-0.9800759129876259,-1.0771606240496538,-0.09708471106202798
62,62,-1.81,1div,A,129,V,A,-0.9800759129876259,-1.0574529250996225,-0.07737701211199666
63,63,-1.93,1div,A,131,V,A,-0.9800759129876259,-1.0622931358798238,-0.0822172228921979
52,52,-2.94,1div,A,133,L,A,-0.9800759129876259,-1.0876775139930264,-0.1076016010054005
33,33,-0.34,1div,A,134,H,Q,-0.9800759129876259,-1.0549986154441064,-0.07492270245648058
64,64,-2.41,1div,A,137,V,A,-0.9800759129876259,-1.0431797104393876,-0.06310379745176176
43,43,0.01,1div,A,14,K,M,-0.9800759129876259,-1.019684964378408,-0.03960905139078219
53,53,-3.56,1div,A,141,L,A,-0.9800759129876259,-1.0607447272179111,-0.08066881423028527
65,65,-3.25,1div,A,143,V,A,-0.9800759129876259,-1.0771457748925126,-0.09706986190488676
34,34,-0.56,1div,A,144,H,Q,-0.9800759129876259,-0.9759371968723783,0.0041387161152475205
66,66,-1.92,1div,A,145,V,A,-0.9800759129876259,-1.0486279173985424,-0.06855200441091658
44,44,-0.31,1div,A,15,K,M,-0.9800759129876259,-0.9980331523306418,-0.017957239343015963
28,28,-0.21,1div,A,17,E,Q,-0.9800759129876259,-0.98662254794332,-0.006546634955694186
67,67,-2.33,1div,A,21,V,A,-0.9800759129876259,-1.0165170759162647,-0.03644116292863886
68,68,-0.4,1div,A,21,V,I,-0.9800759129876259,-0.9888442890756082,-0.00876837608798231
69,69,-1.23,1div,A,21,V,L,-0.9800759129876259,-0.9914583551803692,-0.011382442192743314
23,23,-0.46,1div,A,23,D,A,-0.9800759129876259,-0.9936012421678376,-0.013525329180211765
24,24,-0.58,1div,A,23,D,N,-0.9800759129876259,-0.9926362517696099,-0.012560338781984037
70,70,-2.55,1div,A,3,V,A,-0.9800759129876259,-1.0118010860161493,-0.0317251730285234
71,71,-0.31,1div,A,3,V,I,-0.9800759129876259,-0.997510461999266,-0.0174345490116401
72,72,-2.21,1div,A,3,V,L,-0.9800759129876259,-1.0018318739513423,-0.02175596096371646
54,54,-2.76,1div,A,30,L,A,-0.9800759129876259,-1.0639269527972945,-0.08385103980966868
55,55,-3.62,1div,A,30,L,V,-0.9800759129876259,-1.0513464396431942,-0.07127052665556832
29,29,-0.56,1div,A,38,E,Q,-0.9800759129876259,-0.9910409402527265,-0.010965027265100624
37,37,-2.22,1div,A,4,I,A,-0.9800759129876259,-1.037437899800755,-0.057361986813129096
38,38,-0.59,1div,A,4,I,V,-0.9800759129876259,-1.0035783396471267,-0.023502426659500864
30,30,0.03,1div,A,48,E,Q,-0.9800759129876259,-1.0011775893652999,-0.021101676377674017
31,31,0.33,1div,A,54,E,Q,-0.9800759129876259,-0.9894336470021498,-0.009357734014523889
56,56,-3.1,1div,A,6,L,A,-0.9800759129876259,-1.0271680179058305,-0.04709210491820459
57,57,-0.13,1div,A,6,L,I,-0.9800759129876259,-1.0028088460832634,-0.02273293309563751
58,58,-0.41,1div,A,6,L,V,-0.9800759129876259,-1.0051033992895344,-0.02502748630190854
45,45,0.35,1div,A,7,K,M,-0.9800759129876259,-1.0376652455169884,-0.05758933252936249
59,59,-3.77,1div,A,72,L,A,-0.9800759129876259,-1.0841756731071728,-0.10409976011954691
39,39,-3.49,1div,A,79,I,A,-0.9800759129876259,-1.0524642227480077,-0.0723883097603818
25,25,-0.3,1div,A,8,D,N,-0.9800759129876259,-0.9940140487363675,-0.013938135748741587
40,40,-3.19,1div,A,93,I,A,-0.9800759129876259,-1.0460155922294463,-0.06593967924182043
46,46,0.61,1div,A,96,K,A,-0.9800759129876259,-0.9845273830746645,-0.0044514700870386115
47,47,-0.2,1div,A,96,K,G,-0.9800759129876259,-1.0066700365719379,-0.026594123584312013
41,41,-4.28,1div,A,98,I,A,-0.9800759129876259,-1.0913145334128564,-0.11123862042523058
73,73,-3.7,1dxx,A,18,K,N,-1.542476750221573,-1.5538322384617909,-0.011355488240217815
77,77,-2.6,1ekg,A,181,S,F,-0.706105336421678,-0.8443352194393382,-0.13822988301766015
74,74,-1.0,1ekg,A,198,L,C,-0.706105336421678,-0.804499906652114,-0.09839457023043596
75,75,-2.0,1ekg,A,200,L,C,-0.706105336421678,-0.795824002818901,-0.08971866639722292
76,76,1.0,1ekg,A,203,L,C,-0.706105336421678,-0.7800639176569065,-0.07395858123522847
78,78,-0.455,1f8i,A,345,F,A,-0.9832880167547936,-0.9981024784561622,-0.014814461701368575
79,79,0.6,1fh5,H,18,S,N,-1.5652508976483586,-1.578386248964252,-0.013135351315893384
80,80,4.0,1frd,A,42,H,R,-0.9776200275031888,-0.9094634542659837,0.06815657323720503
82,82,-1.38,1ft8,A,212,L,V,-1.4916734931882747,-1.531239659333032,-0.039566166144757275
91,91,0.27,1ft8,A,216,M,L,-1.4916734931882747,-1.5131970870593363,-0.02152359387106162
83,83,-0.35,1ft8,A,238,L,I,-1.4916734931882747,-1.5009546201091168,-0.009281126920842153
81,81,-0.64,1ft8,A,264,I,V,-1.4916734931882747,-1.4966296992026085,-0.004956206014333775
84,84,-0.11,1ft8,A,267,L,I,-1.4916734931882747,-1.5071108479145146,-0.01543735472623986
93,93,-0.16,1ft8,A,287,V,A,-1.4916734931882747,-1.526234272097753,-0.034560778909478396
85,85,-0.8,1ft8,A,293,L,I,-1.4916734931882747,-1.523668525632748,-0.031995032444473326
86,86,-1.41,1ft8,A,293,L,V,-1.4916734931882747,-1.5295103719411802,-0.037836878752905534
87,87,-1.65,1ft8,A,315,L,A,-1.4916734931882747,-1.5443754590247287,-0.052701965836454034
88,88,-0.85,1ft8,A,317,L,I,-1.4916734931882747,-1.5377969032476757,-0.046123410059401015
92,92,0.32,1ft8,A,339,S,A,-1.4916734931882747,-1.4997250895854854,-0.008051596397210758
89,89,-0.53,1ft8,A,348,L,I,-1.4916734931882747,-1.5269833399244577,-0.03530984673618298
90,90,0.05,1ft8,A,349,L,I,-1.4916734931882747,-1.496756687637203,-0.005083194448928241
102,102,-2.4,1fxa,A,42,R,A,-0.880473078513632,-0.9198442575882892,-0.03937117907465726
103,103,-1.4,1fxa,A,42,R,H,-0.880473078513632,-0.9362496356574856,-0.055776557143853656
104,104,0.1,1fxa,A,48,T,A,-0.880473078513632,-0.925937185482103,-0.04546410696847103
98,98,-1.0,1fxa,A,65,F,A,-0.880473078513632,-0.8831301319355868,-0.0026570534219547692
99,99,-0.9,1fxa,A,65,F,I,-0.880473078513632,-0.8939918985172194,-0.013518820003587395
100,100,-0.6,1fxa,A,65,F,W,-0.880473078513632,-0.9117330434371014,-0.031259964923469385
101,101,-0.5,1fxa,A,65,F,Y,-0.880473078513632,-0.8804653712681362,7.707245495813808e-06
94,94,-1.1,1fxa,A,94,E,D,-0.880473078513632,-0.915513953384088,-0.03504087487045604
95,95,-0.4,1fxa,A,94,E,K,-0.880473078513632,-0.8935575679856904,-0.013084489472058425
96,96,0.6,1fxa,A,94,E,Q,-0.880473078513632,-0.8940548799475845,-0.01358180143395249
97,97,1.0,1fxa,A,95,E,K,-0.880473078513632,-0.882405728709941,-0.0019326501963090603
0,132,-1.22,1glu,A,500,C,A,-1.7173556104118441,-1.8163909912109375,-0.09903538079909335
37,169,-0.693,1gua,B,100,R,A,-1.5399246215820312,-1.6017302462929173,-0.06180562471088602
14,146,0.021,1gua,B,104,E,A,-1.5399246215820312,-1.5661762639095909,-0.02625164232755961
20,152,-0.327,1gua,B,109,K,A,-1.5399246215820312,-1.6032350439774363,-0.06331042239540507
21,153,-2.593,1gua,B,112,L,A,-1.5399246215820312,-1.7230694419459294,-0.18314482036389812
11,143,-0.706,1gua,B,117,D,A,-1.5399246215820312,-1.5665692781147205,-0.026644656532689215
1,133,-1.963,1gua,B,118,A,G,-1.5399246215820312,-1.6828478762978,-0.14292325471576883
2,134,-1.951,1gua,B,118,A,L,-1.5399246215820312,-1.6762801722476357,-0.13635555066560445
22,154,-2.534,1gua,B,121,L,A,-1.5399246215820312,-1.7187220924778988,-0.1787974708958675
15,147,-0.101,1gua,B,124,E,A,-1.5399246215820312,-1.5833930969238281,-0.043468475341796875
16,148,-0.591,1gua,B,125,E,A,-1.5399246215820312,-1.5833139921489514,-0.04338937056692016
23,155,-3.405,1gua,B,126,L,A,-1.5399246215820312,-1.765452736302426,-0.2255281147203947
43,175,-3.368,1gua,B,128,V,A,-1.5399246215820312,-1.668426513671875,-0.12850189208984375
12,144,-0.855,1gua,B,129,D,A,-1.5399246215820312,-1.5751041613127057,-0.03517953973067445
32,164,0.271,1gua,B,56,N,M,-1.5399246215820312,-1.5258635470741673,0.01406107450786398
17,149,-3.274,1gua,B,58,I,A,-1.5399246215820312,-1.7001306634200246,-0.16020604183799336
18,150,-1.299,1gua,B,58,I,F,-1.5399246215820312,-1.7061924181486432,-0.16626779656661195
19,151,-0.771,1gua,B,58,I,L,-1.5399246215820312,-1.623124172813014,-0.08319955123098266
38,170,0.178,1gua,B,59,R,A,-1.5399246215820312,-1.558998609844007,-0.019073988261975705
44,176,-2.251,1gua,B,60,V,A,-1.5399246215820312,-1.6057398946661698,-0.06581527308413859
24,156,-3.46,1gua,B,62,L,A,-1.5399246215820312,-1.7274756180612665,-0.18755099647923523
34,166,-1.708,1gua,B,63,P,A,-1.5399246215820312,-1.7106774982653166,-0.17075287668328532
33,165,-1.14,1gua,B,64,N,A,-1.5399246215820312,-1.5710621883994655,-0.031137566817434292
36,168,-0.504,1gua,B,66,Q,A,-1.5399246215820312,-1.5940344961065995,-0.05410987452456828
42,174,-0.109,1gua,B,68,T,A,-1.5399246215820312,-1.5671776219418174,-0.027253000359786173
45,177,-1.116,1gua,B,69,V,A,-1.5399246215820312,-1.5775757839805202,-0.03765116239848898
46,178,-1.77,1gua,B,70,V,A,-1.5399246215820312,-1.6781156439530223,-0.138191022370991
47,179,-1.052,1gua,B,72,V,A,-1.5399246215820312,-1.6933882863898027,-0.1534636648077714
48,180,-0.864,1gua,B,72,V,I,-1.5399246215820312,-1.5990431936163652,-0.059118572034333905
31,163,-0.961,1gua,B,76,M,A,-1.5399246215820312,-1.6034634238795231,-0.06353880229749187
40,172,-1.573,1gua,B,77,S,A,-1.5399246215820312,-1.6125238318192332,-0.07259921023720195
41,173,0.581,1gua,B,77,S,T,-1.5399246215820312,-1.5278703789961965,0.012054242585834762
25,157,-3.803,1gua,B,78,L,A,-1.5399246215820312,-1.7172759206671464,-0.17735129908511515
13,145,-0.493,1gua,B,80,D,A,-1.5399246215820312,-1.5878672348825555,-0.047942613300524295
5,137,0.283,1gua,B,81,C,A,-1.5399246215820312,-1.604473917107833,-0.0645492955258018
6,138,-0.912,1gua,B,81,C,I,-1.5399246215820312,-1.6425145801744963,-0.102589958592465
26,158,-3.529,1gua,B,82,L,A,-1.5399246215820312,-1.690195786325555,-0.15027116474352376
27,159,-1.6,1gua,B,82,L,I,-1.5399246215820312,-1.651146135832134,-0.11122151425010274
28,160,-1.7,1gua,B,82,L,V,-1.5399246215820312,-1.6743979203073602,-0.13447329872532898
3,135,-2.149,1gua,B,85,A,G,-1.5399246215820312,-1.6415328979492188,-0.1016082763671875
29,161,-3.226,1gua,B,86,L,A,-1.5399246215820312,-1.635587591873972,-0.09566297029194071
39,171,1.078,1gua,B,89,R,L,-1.5399246215820312,-1.580451764558491,-0.04052714297645976
30,162,-1.575,1gua,B,91,L,A,-1.5399246215820312,-1.6985230696828741,-0.1585984481008429
35,167,-0.082,1gua,B,93,P,A,-1.5399246215820312,-1.652409603721217,-0.11248498213918579
7,139,-0.08,1gua,B,95,C,A,-1.5399246215820312,-1.525050815783049,0.014873805798982342
8,140,-1.759,1gua,B,96,C,A,-1.5399246215820312,-1.6353055050498562,-0.09538088346782492
9,141,-0.043,1gua,B,96,C,L,-1.5399246215820312,-1.5583683817010177,-0.018443760118986408
10,142,-0.337,1gua,B,96,C,M,-1.5399246215820312,-1.5583207983719676,-0.018396176789936325
4,136,-0.863,1gua,B,97,A,G,-1.5399246215820312,-1.5841005224930613,-0.044175900911030075
49,181,-1.981,1gua,B,98,V,A,-1.5399246215820312,-1.6604447615774054,-0.12052013999537414
50,182,-1.6,1gwy,A,8,A,D,-1.0561353410993304,-1.0447869001116072,0.01134844098772314
51,183,-1.936,1h0x,A,18,P,A,-1.5651514289084445,-1.6200655819324965,-0.054914153024052004
52,184,-2.581,1h0x,A,62,P,A,-1.5651514289084445,-1.6450882815243153,-0.0799368526158708
53,185,-2.09,1hcq,A,67,C,A,-1.5593182331806905,-1.664885340510188,-0.10556710732949748
54,186,-1.99,1hcq,A,67,C,S,-1.5593182331806905,-1.65989334518845,-0.10057511200775959
55,187,0.4,1ioj,A,15,G,A,-2.3808931049547697,-2.4186631587513707,-0.03777005379660103
0,189,-3.3,1itm,A,24,C,T,-2.211773681640625,-2.2259012075570914,-0.014127525916466599
1,190,-5.0,1itm,A,3,C,T,-2.211773681640625,-2.2486537053034854,-0.036880023662860584
2,191,1.4,1itm,A,91,W,S,-2.211773681640625,-2.1914048414963943,0.02036884014423057
5,194,-1.9,1iv7,B,162,L,C,-1.3261315027872722,-1.4619661966959636,-0.1358346939086914
3,192,0.5,1iv7,B,173,A,C,-1.3261315027872722,-1.386327584584554,-0.06019608179728175
4,193,-2.5,1iv7,B,189,F,C,-1.3261315027872722,-1.4837522506713867,-0.1576207478841145
6,195,4.299,1iv9,A,76,S,Y,-1.341652234395345,-1.3839019139607747,-0.04224967956542969
9,198,0.8,1j8i,A,23,R,A,-2.3172325216313845,-2.2998314313991095,0.017401090232274985
7,196,0.1,1j8i,A,25,K,A,-2.3172325216313845,-2.324004634734123,-0.006772113102738508
10,199,-0.1,1j8i,A,35,R,A,-2.3172325216313845,-2.3389648109354,-0.021732289304015495
11,200,0.7,1j8i,A,43,R,A,-2.3172325216313845,-2.305264708816364,0.011967812815020462
8,197,0.1,1j8i,A,66,K,A,-2.3172325216313845,-2.293750721921203,0.023481799710181495
12,201,-0.1,1j8i,A,9,R,A,-2.3172325216313845,-2.313592233965474,0.0036402876659105132
13,202,-1.44,1jl9,A,25,A,C,-1.7050031026204426,-1.8206549144926525,-0.11565181187220985
14,203,-1.162,1jlv,A,64,E,D,-0.6287177634124018,-0.665893996971241,-0.037176233558839145
15,204,-2.304,1jlv,A,64,E,N,-0.6287177634124018,-0.6746566698746981,-0.04593890646229626
16,205,-2.302,1jlv,A,64,E,Q,-0.6287177634124018,-0.6499013117546044,-0.021183548342202596
17,206,-1.697,1l6h,A,39,F,A,-2.17588916723279,-2.136060410651608,0.03982875658118212
18,207,-0.55,1l6h,A,45,Y,A,-2.17588916723279,-2.1662610924762227,0.00962807475656735
19,208,-1.482,1l6h,A,48,Y,A,-2.17588916723279,-2.173545063405797,0.002344103826993127
20,209,1.4,1lvm,A,106,E,G,-1.3291864520077101,-1.3220691930779203,0.007117258929789871
24,213,0.0,1lvm,A,135,S,G,-1.3291864520077101,-1.3126873699338155,0.01649908207389461
21,210,0.43,1lvm,A,45,K,F,-1.3291864520077101,-1.349947733650041,-0.02076128164233082
22,211,0.0,1lvm,A,56,L,V,-1.3291864520077101,-1.3353306133153657,-0.0061441613076556045
23,212,0.6,1lvm,A,58,Q,F,-1.3291864520077101,-1.3706497125750545,-0.041463260567344395
25,214,-2.5,1n18,A,100,E,G,-0.9058223549836601,-0.9655616112004698,-0.059739256216809644
28,217,0.1,1n18,A,148,V,I,-0.9058223549836601,-0.9162864934385212,-0.01046413845486105
27,216,1.4,1n18,A,46,H,R,-0.9058223549836601,-0.9469129774305556,-0.04109062244689543
26,215,-1.4,1n18,A,85,G,R,-0.9058223549836601,-0.9931680517258987,-0.08734569674223858
36,225,-1.94,1n88,A,12,V,A,-1.7033712069193523,-1.7270992596944172,-0.023728052775064956
34,223,-1.52,1n88,A,13,L,A,-1.7033712069193523,-1.7152608235677083,-0.011889616648355972
44,233,0.06,1n88,A,18,Y,A,-1.7033712069193523,-1.687409241994222,0.015961964925130356
29,218,-1.39,1n88,A,21,F,A,-1.7033712069193523,-1.7073936462402344,-0.0040224393208820874
45,234,-4.61,1n88,A,26,Y,A,-1.7033712069193523,-1.770655632019043,-0.06728442509969068
37,226,-2.84,1n88,A,30,V,A,-1.7033712069193523,-1.743711789449056,-0.04034058252970363
30,219,-1.39,1n88,A,39,I,A,-1.7033712069193523,-1.7427956263224285,-0.03942441940307617
38,227,-2.82,1n88,A,43,V,A,-1.7033712069193523,-1.7401272455851238,-0.036756038665771484
39,228,-2.83,1n88,A,49,V,A,-1.7033712069193523,-1.7263333002726238,-0.022962093353271484
40,229,-3.24,1n88,A,51,V,A,-1.7033712069193523,-1.724609375,-0.021238168080647712
41,230,-3.73,1n88,A,54,V,A,-1.7033712069193523,-1.740573247273763,-0.03720204035441066
35,224,-1.11,1n88,A,57,L,A,-1.7033712069193523,-1.7068085670471191,-0.003437360127766853
33,222,-1.52,1n88,A,8,I,V,-1.7033712069193523,-1.7059129079182942,-0.0025417009989419093
31,220,-2.79,1n88,A,80,I,A,-1.7033712069193523,-1.7587992350260417,-0.05542802810668945
42,231,-2.82,1n88,A,81,V,A,-1.7033712069193523,-1.758309046427409,-0.05493783950805664
43,232,-3.1,1n88,A,83,V,A,-1.7033712069193523,-1.7389586766560872,-0.03558746973673488
32,221,-2.35,1n88,A,89,I,A,-1.7033712069193523,-1.7075904210408528,-0.004219214121500503
46,235,-0.88,1nm1,A,187,D,N,-1.121883015056233,-1.1191438947405135,0.0027391203157194344
47,236,-1.9,1nm1,A,187,D,Y,-1.121883015056233,-1.1291617927970468,-0.007278777740813869
48,237,-3.3,1o1u,A,110,E,A,-1.8809678685946727,-1.8808649018054873,0.00010296678918542135
52,241,-1.2,1o1u,A,38,T,A,-1.8809678685946727,-1.9094937542292076,-0.028525885634534953
53,242,-1.2,1o1u,A,49,W,Y,-1.8809678685946727,-1.8749643160602238,0.006003552534448842
50,239,-0.3,1o1u,A,51,Q,A,-1.8809678685946727,-1.9406922107606421,-0.059724342165969446
49,238,-1.2,1o1u,A,61,N,A,-1.8809678685946727,-1.8988916592335139,-0.017923790638841197
51,240,0.3,1o1u,A,99,Q,A,-1.8809678685946727,-1.8757749542476625,0.005192914347010191
70,259,-1.1,1o6x,A,12,V,A,-2.20102079415027,-2.2466133023485724,-0.045592508198302184
57,246,-0.3,1o6x,A,14,E,A,-2.20102079415027,-2.214238484700521,-0.013217690550250794
62,251,-0.43,1o6x,A,15,I,V,-2.20102079415027,-2.2244366304374035,-0.023415836287133285
58,247,-1.42,1o6x,A,20,E,G,-2.20102079415027,-2.271886189778646,-0.0708653956283758
63,252,0.42,1o6x,A,23,I,V,-2.20102079415027,-2.2141633210358798,-0.013142526885609573
67,256,-0.97,1o6x,A,26,L,V,-2.20102079415027,-2.246493492597415,-0.045472698447144744
54,243,-1.2,1o6x,A,31,A,G,-2.20102079415027,-2.2384538061824846,-0.037433012032214386
56,245,0.36,1o6x,A,38,D,A,-2.20102079415027,-2.217787942768615,-0.01676714861834494
59,248,-1.88,1o6x,A,39,F,L,-2.20102079415027,-2.2385423448350696,-0.037521550684799454
66,255,-1.98,1o6x,A,41,K,A,-2.20102079415027,-2.217342800564236,-0.016322006413965973
55,244,-1.4,1o6x,A,50,A,G,-2.20102079415027,-2.275346920814043,-0.07432612666377292
61,250,-0.61,1o6x,A,51,H,A,-2.20102079415027,-2.218056007667824,-0.01703521351755377
71,260,-1.08,1o6x,A,52,V,A,-2.20102079415027,-2.230346302927276,-0.029325508777005904
68,257,-0.08,1o6x,A,58,N,A,-2.20102079415027,-2.197673656322338,0.0033471378279323893
69,258,-0.49,1o6x,A,60,Q,G,-2.20102079415027,-2.2566567880135997,-0.055635993863329514
72,261,-1.1,1o6x,A,64,V,G,-2.20102079415027,-2.232640207549672,-0.031619413399401886
60,249,-0.98,1o6x,A,65,F,A,-2.20102079415027,-2.236228660300926,-0.03520786615065585
64,253,-1.31,1o6x,A,71,I,V,-2.20102079415027,-2.229718997154707,-0.028698203004436706
73,262,-2.78,1o6x,A,73,Y,L,-2.20102079415027,-2.2863837348090277,-0.08536294065875749
65,254,-1.31,1o6x,A,75,I,A,-2.20102079415027,-2.2219098879967207,-0.020889093846450546
74,263,-0.05,1osi,A,11,I,V,-0.7682249207427536,-0.7768589185631793,-0.008633997820425732
76,265,-2.25,1osi,A,126,V,M,-0.7682249207427536,-0.7882129613903985,-0.019988040647644922
77,266,-0.78,1osi,A,15,V,I,-0.7682249207427536,-0.7675205396569293,0.0007043810858242683
75,264,0.39,1osi,A,92,S,F,-0.7682249207427536,-0.7775586998980978,-0.009333779155344168
82,271,0.07,1pfl,A,108,T,M,-2.244087932778777,-2.2439098769812276,0.00017805579754925915
80,269,-3.53,1pfl,A,113,M,T,-2.244087932778777,-2.2556038177270685,-0.0115158849482917
79,268,-1.96,1pfl,A,117,G,V,-2.244087932778777,-2.2700840792209984,-0.02599614644222159
81,270,1.82,1pfl,A,138,Q,L,-2.244087932778777,-2.24830594508768,-0.004218012308903063
78,267,-1.53,1pfl,A,20,A,T,-2.244087932778777,-2.2721360021357913,-0.028048069357014427
83,272,-2.4,1pre,A,159,C,S,-1.5328528185464225,-1.5563506740238724,-0.02349785547744987
87,276,-0.3,1prg,A,286,Q,P,-1.5456122504340277,-1.6023310908564814,-0.056718840422453676
88,277,0.06,1prg,A,288,R,H,-1.5456122504340277,-1.54978185583044,-0.0041696053964122015
90,279,0.03,1prg,A,290,V,M,-1.5456122504340277,-1.5679031937210648,-0.02229094328703707
89,278,0.19,1prg,A,357,R,A,-1.5456122504340277,-1.5559371383101852,-0.010324887876157485
85,274,-0.4,1prg,A,360,F,L,-1.5456122504340277,-1.5651091399016204,-0.01949688946759265
84,273,-0.17,1prg,A,460,E,K,-1.5456122504340277,-1.5534077962239583,-0.00779554578993058
86,275,0.11,1prg,A,467,P,L,-1.5456122504340277,-1.5773618344907407,-0.03174958405671302
91,280,-4.2,1r2y,A,244,R,E,-0.843498034354968,-0.86670408144102,-0.023206047086052006
93,282,-2.81,1r6r,A,50,L,S,-2.71960563659668,-2.718710708618164,0.0008949279785159803
94,283,-0.24,1r6r,A,54,L,S,-2.71960563659668,-2.726200485229492,-0.0065948486328122335
95,284,-6.84,1r6r,A,81,L,N,-2.71960563659668,-2.7833587646484377,-0.06375312805175781
92,281,-0.13,1r6r,A,88,I,N,-2.71960563659668,-2.7528335571289064,-0.03322792053222656
96,285,0.8,1spd,A,111,C,S,-1.8817491718367034,-1.862396240234375,0.019352931602328427
97,286,0.1,1spd,A,6,C,A,-1.8817491718367034,-1.8861283445669934,-0.004379172730289982
103,292,-5.22,1x0j,A,100,R,L,-1.1362339488246984,-1.1373985692074424,-0.0011646203827440083
102,291,-3.48,1x0j,A,140,E,K,-1.1362339488246984,-1.1903437564247532,-0.05410980760005479
104,293,-6.49,1x0j,A,153,Y,H,-1.1362339488246984,-1.1802281162195039,-0.04399416739480544
98,287,-4.1,1x0j,A,160,D,N,-1.1362339488246984,-1.1666088438870614,-0.030374895062363017
99,288,-4.02,1x0j,A,160,D,Y,-1.1362339488246984,-1.2083309240508497,-0.07209697522615133
100,289,-2.21,1x0j,A,161,D,N,-1.1362339488246984,-1.1452433268229167,-0.009009377998218326
101,290,-3.38,1x0j,A,161,D,Y,-1.1362339488246984,-1.1626906813236706,-0.02645673249897218
105,294,-2.9,1xws,A,124,E,Q,-0.9055169074089973,-0.9105335836445455,-0.005016676235548245
106,295,-4.59,1xws,A,135,E,K,-0.9055169074089973,-0.906052977174193,-0.0005360697651957125
107,296,-3.22,1xws,A,142,E,D,-0.9055169074089973,-0.9039463141025641,0.0015705933064331656
108,297,-3.3,1xws,A,53,Y,H,-0.9055169074089973,-0.9142296200706845,-0.008712712661687272
109,298,0.358,1xxn,A,181,N,R,-0.7536584802576014,-0.7735580031936233,-0.01989952293602193
112,301,0.239,1xxn,A,22,S,E,-0.7536584802576014,-0.7768782332136824,-0.02321975295608103
113,302,-0.645,1xxn,A,27,S,E,-0.7536584802576014,-0.8075716585726351,-0.05391317831503373
110,299,-0.86,1xxn,A,32,N,D,-0.7536584802576014,-0.7748077392578125,-0.02114925900021114
111,300,-0.645,1xxn,A,54,N,E,-0.7536584802576014,-0.794811351879223,-0.04115287162162162
115,304,-2.89,1xzo,A,101,W,F,-1.1005634928858556,-1.1536747244901435,-0.05311123160428788
116,305,-8.93,1xzo,A,36,W,A,-1.1005634928858556,-1.1918084787767986,-0.09124498589094299
117,306,-4.25,1xzo,A,36,W,F,-1.1005634928858556,-1.1062833209370457,-0.00571982805119009
114,303,2.87,1xzo,A,42,F,W,-1.1005634928858556,-1.1373551834461302,-0.03679169056027454
118,307,-0.717,2arf,A,1069,H,Q,-2.222411369554924,-2.241921164772727,-0.01950979521780294
119,308,-4.493,2bjd,A,84,V,D,-0.9447926839192708,-1.150981733534071,-0.20618904961480022
120,309,-4.517,2bjd,A,84,V,P,-0.9447926839192708,-1.129328155517578,-0.1845354715983072
121,310,-2.103,2bjd,A,86,Y,E,-0.9447926839192708,-1.0629373338487413,-0.11814464992947049
122,311,-0.012,2c9q,A,79,Y,F,-1.1917312472474342,-1.250567641912722,-0.058836394665287894
123,312,-1.233,2c9q,A,79,Y,W,-1.1917312472474342,-1.3207937502393536,-0.12906250299191946
124,313,0.12,2clr,B,13,H,F,-1.3496473693847657,-1.3326893615722657,0.01695800781250001
125,314,2.605,2clr,B,31,H,F,-1.3496473693847657,-1.3306375122070313,0.0190098571777344
126,315,-1.912,2clr,B,51,H,F,-1.3496473693847657,-1.3872482299804687,-0.037600860595703
127,316,-2.629,2clr,B,84,H,A,-1.3496473693847657,-1.4401487731933593,-0.09050140380859362
129,318,-0.02,2dvv,A,419,R,W,-1.0626452309744698,-1.1313648223876953,-0.06871959141322548
128,317,0.89,2dvv,A,443,Q,H,-1.0626452309744698,-1.1181562287466866,-0.0555109977722168
130,319,1.07,2h3f,A,12,E,A,-1.8848091882603768,-1.9347024000328006,-0.049893211772423784
172,361,-1.46,2hbb,A,1,M,A,-0.7570631737802543,-0.8328374226888021,-0.07577424890854778
156,345,0.13,2hbb,A,10,K,E,-0.7570631737802543,-0.7878794950597426,-0.0308163212794883
157,346,0.47,2hbb,A,10,K,M,-0.7570631737802543,-0.8478222267300475,-0.09075905294979314
158,347,0.61,2hbb,A,12,K,A,-0.7570631737802543,-0.763702392578125,-0.006639218797870661
159,348,0.03,2hbb,A,12,K,G,-0.7570631737802543,-0.920173869413488,-0.16311069563323366
160,349,1.8,2hbb,A,12,K,M,-0.7570631737802543,-0.7571684893439797,-0.00010531556372539441
161,350,-0.73,2hbb,A,14,K,A,-0.7570631737802543,-0.8490779353123085,-0.09201476153205412
162,351,-1.3,2hbb,A,14,K,G,-0.7570631737802543,-0.9720064798990885,-0.21494330611883417
163,352,-0.34,2hbb,A,14,K,M,-0.7570631737802543,-0.8362451441147748,-0.07918197033452046
164,353,-1.74,2hbb,A,15,K,G,-0.7570631737802543,-0.9458360111012178,-0.1887728373209635
165,354,-0.44,2hbb,A,15,K,M,-0.7570631737802543,-0.8601031583898208,-0.10303998460956643
142,331,-1.69,2hbb,A,17,E,A,-0.7570631737802543,-0.8825059030570236,-0.12544272927676925
143,332,-0.33,2hbb,A,17,E,Q,-0.7570631737802543,-0.7969376059139476,-0.03987443213369324
151,340,-2.05,2hbb,A,18,I,A,-0.7570631737802543,-0.9055423362582338,-0.14847916247797943
152,341,-0.07,2hbb,A,18,I,V,-0.7570631737802543,-0.7788276672363281,-0.021764493456073786
174,363,-2.33,2hbb,A,21,V,A,-0.7570631737802543,-1.0284349778119255,-0.27137180403167116
131,320,-0.32,2hbb,A,22,A,G,-0.7570631737802543,-0.8444575141457951,-0.08739434036554072
138,327,-0.03,2hbb,A,23,D,A,-0.7570631737802543,-0.7291101941875383,0.027952979592716032
139,328,-0.79,2hbb,A,23,D,N,-0.7570631737802543,-0.7723195693072151,-0.015256395526960786
149,338,0.02,2hbb,A,24,G,A,-0.7570631737802543,-0.8116107267491958,-0.054547552968941426
132,321,-1.79,2hbb,A,26,A,G,-0.7570631737802543,-0.8981604482613358,-0.14109727448108145
175,364,-2.55,2hbb,A,3,V,A,-0.7570631737802543,-0.9662028293983609,-0.20913965561810655
167,356,-2.76,2hbb,A,30,L,A,-0.7570631737802543,-1.0682362575157016,-0.3111730837354473
147,336,-2.84,2hbb,A,31,F,A,-0.7570631737802543,-0.926369685752719,-0.1693065119724647
150,339,-1.02,2hbb,A,34,G,A,-0.7570631737802543,-0.9221252740598193,-0.16506210027956492
168,357,-1.21,2hbb,A,35,L,A,-0.7570631737802543,-0.9632640165441176,-0.2062008427638633
133,322,-1.55,2hbb,A,36,A,G,-0.7570631737802543,-1.006486182119332,-0.2494230083390777
153,342,-1.28,2hbb,A,37,I,A,-0.7570631737802543,-0.9609437830307904,-0.20388060925053608
154,343,0.09,2hbb,A,37,I,V,-0.7570631737802543,-0.8194563622568168,-0.0623931884765625
144,333,-0.41,2hbb,A,38,E,A,-0.7570631737802543,-0.7531374763039982,0.003925697476256151
145,334,-0.68,2hbb,A,38,E,Q,-0.7570631737802543,-0.8015328949572993,-0.04446972117704495
134,323,-1.59,2hbb,A,39,A,G,-0.7570631737802543,-0.9547926210889629,-0.19772944730870856
155,344,-0.59,2hbb,A,4,I,V,-0.7570631737802543,-0.8074987074908089,-0.050435533710554536
173,362,-0.8,2hbb,A,40,T,S,-0.7570631737802543,-0.825259339575674,-0.06819616579541965
135,324,-0.33,2hbb,A,42,A,G,-0.7570631737802543,-0.8130119922114354,-0.05594881843118105
169,358,-1.73,2hbb,A,44,L,A,-0.7570631737802543,-0.8988452986174938,-0.1417821248372395
136,325,-0.55,2hbb,A,46,A,G,-0.7570631737802543,-0.9073183396283317,-0.1502551658480774
170,359,-0.84,2hbb,A,47,L,A,-0.7570631737802543,-0.9504355636297488,-0.19337238984949445
146,335,0.07,2hbb,A,48,E,Q,-0.7570631737802543,-0.7962629280838311,-0.039199754303576806
137,326,-0.22,2hbb,A,49,A,G,-0.7570631737802543,-0.8490651448567709,-0.09200197107651653
148,337,-1.15,2hbb,A,5,F,L,-0.7570631737802543,-0.9137948728075215,-0.15673169902726714
171,360,-3.1,2hbb,A,6,L,A,-0.7570631737802543,-1.020386116177428,-0.2633229423971736
166,355,0.21,2hbb,A,7,K,M,-0.7570631737802543,-0.8654746261297488,-0.10841145234949445
140,329,-1.3,2hbb,A,8,D,A,-0.7570631737802543,-0.9525990953632429,-0.1955359215829886
141,330,-0.38,2hbb,A,8,D,N,-0.7570631737802543,-0.7860355751187194,-0.028972401338465015
176,365,-1.81,2hbb,A,9,V,A,-0.7570631737802543,-0.9345338110830269,-0.17747063730277257
187,376,1.536,2jie,A,104,H,R,-0.9819949718003862,-0.9763828234726124,0.005612148327773792
216,405,2.19,2jie,A,123,W,F,-0.9819949718003862,-0.9876914720856742,-0.005696500285288009
217,406,1.06,2jie,A,123,W,H,-0.9819949718003862,-0.9944217981917135,-0.012426826391327306
179,368,-2.075,2jie,A,157,E,D,-0.9819949718003862,-0.9777736020891854,0.004221369711200795
194,383,-3.397,2jie,A,166,N,A,-0.9819949718003862,-1.0075414078958917,-0.025546436095505554
195,384,-2.964,2jie,A,166,N,C,-0.9819949718003862,-1.0056445861130618,-0.02364961431267565
180,369,4.247,2jie,A,167,E,A,-0.9819949718003862,-0.9990249462341995,-0.017029974433813266
209,398,-1.246,2jie,A,17,S,A,-0.9819949718003862,-0.9759289687938905,0.006066003006495735
177,366,2.997,2jie,A,170,C,A,-0.9819949718003862,-0.9867804709445225,-0.004785499144136285
178,367,2.581,2jie,A,170,C,Q,-0.9819949718003862,-0.9915984764527739,-0.009603504652387684
190,379,-0.79,2jie,A,174,L,A,-0.9819949718003862,-0.989647614554073,-0.0076526427536868225
191,380,0.336,2jie,A,174,L,R,-0.9819949718003862,-0.9904205665159761,-0.008425594715589901
213,402,-0.994,2jie,A,18,T,A,-0.9819949718003862,-0.9985567585805829,-0.016561786780196708
210,399,0.951,2jie,A,19,S,A,-0.9819949718003862,-0.9808693875087781,0.0011255842916081393
225,414,-3.443,2jie,A,21,Y,A,-0.9819949718003862,-0.9915729651290379,-0.009577993328651724
205,394,-0.209,2jie,A,22,Q,S,-0.9819949718003862,-1.0053106758031953,-0.023315704002809134
214,403,3.189,2jie,A,221,T,A,-0.9819949718003862,-0.9915381270847964,-0.009543155284410187
196,385,-0.671,2jie,A,223,N,A,-0.9819949718003862,-0.9860987974016854,-0.0041038256012991825
197,386,3.462,2jie,A,223,N,G,-0.9819949718003862,-0.9930199783839536,-0.01102500658356742
198,387,2.583,2jie,A,223,N,H,-0.9819949718003862,-0.9930672977747542,-0.011072325974368025
199,388,3.976,2jie,A,223,N,R,-0.9819949718003862,-1.0026895244469802,-0.020694552646594033
200,389,5.73,2jie,A,223,N,Y,-0.9819949718003862,-0.9989405256978582,-0.016945553897471988
192,381,-4.098,2jie,A,224,M,A,-0.9819949718003862,-0.9908618026904845,-0.00886683089009832
181,370,-4.36,2jie,A,225,E,A,-0.9819949718003862,-0.9823419120874298,-0.0003469402870436289
182,371,-1.515,2jie,A,225,E,H,-0.9819949718003862,-0.983698607026861,-0.0017036352264747645
206,395,-0.166,2jie,A,243,R,A,-0.9819949718003862,-0.9846104996927668,-0.0026155278923806202
207,396,0.213,2jie,A,243,R,D,-0.9819949718003862,-0.995690369338132,-0.013695397537745846
208,397,-1.463,2jie,A,243,R,K,-0.9819949718003862,-0.9823225728581461,-0.00032760105775986315
188,377,1.241,2jie,A,247,I,E,-0.9819949718003862,-0.9891456861174508,-0.007150714317064599
189,378,0.974,2jie,A,247,I,N,-0.9819949718003862,-0.9872081970900632,-0.005213225289677048
201,390,-2.25,2jie,A,296,N,A,-0.9819949718003862,-0.9990924278002107,-0.017097455999824485
202,391,-0.017,2jie,A,296,N,C,-0.9819949718003862,-1.0045236651817064,-0.02252869338132024
226,415,1.072,2jie,A,297,Y,A,-0.9819949718003862,-1.002871669812149,-0.02087669801176273
227,416,-1.853,2jie,A,297,Y,F,-0.9819949718003862,-0.9894885802536868,-0.007493608453300604
193,382,-1.298,2jie,A,326,M,A,-0.9819949718003862,-0.9948753785551264,-0.012880406754740226
218,407,-1.159,2jie,A,328,W,A,-0.9819949718003862,-1.0140759414501404,-0.032080969649754154
219,408,-2.664,2jie,A,328,W,C,-0.9819949718003862,-1.0144693096032302,-0.03247433780284403
220,409,-2.573,2jie,A,328,W,H,-0.9819949718003862,-1.00691864356566,-0.02492367176527388
221,410,-0.95,2jie,A,328,W,R,-0.9819949718003862,-1.0044845752501756,-0.022489603449789453
211,400,-1.454,2jie,A,334,S,A,-0.9819949718003862,-0.9827516020014045,-0.000756630201018349
215,404,-2.961,2jie,A,355,T,A,-0.9819949718003862,-1.0001766590589887,-0.018181687258602475
222,411,-0.36,2jie,A,402,W,C,-0.9819949718003862,-1.0094544142819522,-0.027459442481565954
223,412,2.615,2jie,A,402,W,R,-0.9819949718003862,-1.0076156787658006,-0.025620706965414408
212,401,0.92,2jie,A,403,S,A,-0.9819949718003862,-0.991340208589361,-0.009345236788974809
203,392,0.464,2jie,A,407,N,A,-0.9819949718003862,-0.9938294828607795,-0.011834511060393349
204,393,0.143,2jie,A,407,N,C,-0.9819949718003862,-0.992481840326545,-0.010486868526158766
183,372,0.825,2jie,A,409,E,A,-0.9819949718003862,-1.000021053699965,-0.018026081899578772
184,373,-0.909,2jie,A,409,E,D,-0.9819949718003862,-1.001134362381496,-0.019139390581109694
224,413,0.599,2jie,A,412,W,Y,-0.9819949718003862,-0.9789515120259832,0.0030434597744030123
186,375,-0.165,2jie,A,418,F,A,-0.9819949718003862,-1.007166075974368,-0.025171104173981718
185,374,0.87,2jie,A,426,E,S,-0.9819949718003862,-0.9860674568776334,-0.004072485077247223
230,419,-1.75,2juc,A,18,R,A,-2.3813407204367896,-2.4498715487393468,-0.06853082830255719
228,417,-2.54,2juc,A,57,C,D,-2.3813407204367896,-2.4359147505326706,-0.05457403009588102
229,418,-0.71,2juc,A,57,C,S,-2.3813407204367896,-2.4114884810014203,-0.030147760564630754
234,423,1.5,2kj3,A,229,K,A,-1.9398135414606408,-1.9498499616791931,-0.010036420218552333
237,426,1.0,2kj3,A,239,V,A,-1.9398135414606408,-1.9898656531225276,-0.05005211166188683
235,424,1.0,2kj3,A,241,L,A,-1.9398135414606408,-1.9908323650118671,-0.05101882355122633
238,427,1.0,2kj3,A,264,V,A,-1.9398135414606408,-1.9468090202234969,-0.006995478762856111
239,428,0.2,2kj3,A,267,V,A,-1.9398135414606408,-1.972817915904371,-0.03300437444373028
232,421,1.9,2kj3,A,272,E,A,-1.9398135414606408,-1.9461221815664558,-0.006308640105815
236,425,1.4,2kj3,A,273,S,A,-1.9398135414606408,-1.939281801634197,0.0005317398264437223
233,422,-0.8,2kj3,A,278,G,A,-1.9398135414606408,-2.034084851228738,-0.09427130976809739
231,420,1.2,2kj3,A,288,D,A,-1.9398135414606408,-1.9643170320535008,-0.024503490592860055
241,430,0.23,2ks4,A,2,E,A,-2.2866824756969106,-2.29180925542658,-0.005126779729669462
240,429,-1.26,2ks4,A,9,D,A,-2.2866824756969106,-2.2919706864790483,-0.005288210782137703
245,434,-1.1,2ltb,A,533,R,Q,-1.3239488389756944,-1.314940502025463,0.0090083369502314
246,435,-0.36,2ltb,A,555,R,Q,-1.3239488389756944,-1.3485378689236112,-0.024589029947916785
247,436,1.79,2ltb,A,555,R,W,-1.3239488389756944,-1.3690945095486111,-0.04514567057291674
242,431,-1.57,2ltb,A,558,L,P,-1.3239488389756944,-1.4427452935112848,-0.1187964545355904
243,432,-3.11,2ltb,A,569,L,R,-1.3239488389756944,-1.471692798755787,-0.1477439597800927
244,433,-3.34,2ltb,A,619,M,K,-1.3239488389756944,-1.3072174072265625,0.01673143174913183
248,437,-4.0,2m5s,A,302,D,A,-1.893740500173261,-1.9335440358807963,-0.039803535707535254
249,438,-2.0,2m5s,A,305,H,A,-1.893740500173261,-1.9054502671764744,-0.011709767003213356
251,440,0.62,2mpc,A,42,R,A,-2.0765582614474827,-2.0692657470703124,0.007292514377170267
252,441,2.08,2mpc,A,42,R,W,-2.0765582614474827,-2.1065360175238714,-0.02997775607638875
250,439,-0.24,2mpc,A,89,A,T,-2.0765582614474827,-2.124585978190104,-0.04802771674262152
253,442,-0.6,2n7z,A,88,P,A,-2.098205998258771,-2.190666486632149,-0.09246048837337817
255,444,-2.3,2nte,A,658,R,C,-1.1434036981491815,-1.1668787638346354,-0.023475065685453878
254,443,-2.0,2nte,A,738,I,V,-1.1434036981491815,-1.150049336751302,-0.006645638602120529
256,445,0.44,2ouo,A,420,A,D,-1.3630674894865569,-1.336561598219313,0.026505891267243786
263,452,0.9,2pr5,A,107,N,F,-1.1001665010226993,-1.1120742437407727,-0.011907742718073377
264,453,0.8,2pr5,A,107,N,Y,-1.1001665010226993,-1.1072906734436516,-0.007124172420952313
259,448,0.3,2pr5,A,109,D,E,-1.1001665010226993,-1.1136875903512549,-0.013521089328555558
262,451,2.9,2pr5,A,111,M,F,-1.1001665010226993,-1.1297434408833662,-0.029576939860666895
270,459,1.4,2pr5,A,120,V,I,-1.1001665010226993,-1.101212989626907,-0.0010464886042076404
265,454,1.1,2pr5,A,124,N,F,-1.1001665010226993,-1.139558206393024,-0.03939170537032477
266,455,2.6,2pr5,A,124,N,Y,-1.1001665010226993,-1.1338440902589813,-0.033677589236281946
260,449,0.3,2pr5,A,22,H,K,-1.1001665010226993,-1.0871440256674458,0.013022475355253471
261,450,1.2,2pr5,A,22,H,W,-1.1001665010226993,-1.1252333273099164,-0.025066826287217125
271,460,0.4,2pr5,A,25,V,I,-1.1001665010226993,-1.1201662078617125,-0.019999706839013198
267,456,0.5,2pr5,A,30,T,M,-1.1001665010226993,-1.171899750476747,-0.07173324945404769
257,446,0.5,2pr5,A,33,A,Y,-1.1001665010226993,-1.1350751261072836,-0.034908625084584255
268,457,-0.5,2pr5,A,50,T,M,-1.1001665010226993,-1.1852205531803641,-0.08505405215766482
269,458,0.2,2pr5,A,54,T,Y,-1.1001665010226993,-1.1432603250338336,-0.04309382401113426
258,447,-0.4,2pr5,A,81,A,M,-1.1001665010226993,-1.2043014886811023,-0.10413498765840301
272,461,-0.2,2pr5,A,88,V,L,-1.1001665010226993,-1.184276430625615,-0.08410992960291575
273,462,-0.7,2pr5,A,90,V,I,-1.1001665010226993,-1.1524377056932824,-0.052271204670583105
335,524,-1.22,2ptl,A,18,V,A,-2.0499349740835338,-2.068281516050681,-0.018346541967147356
327,516,-1.63,2ptl,A,19,T,A,-2.0499349740835338,-2.0811791053185096,-0.031244131234975825
304,493,-4.9,2ptl,A,20,I,A,-2.0499349740835338,-2.085349840995593,-0.035414866912059306
305,494,-0.56,2ptl,A,20,I,V,-2.0499349740835338,-2.0360381297576122,0.013896844325921531
310,499,-0.92,2ptl,A,21,K,A,-2.0499349740835338,-2.0763389391776843,-0.02640396509415055
274,463,-2.43,2ptl,A,22,A,G,-2.0499349740835338,-2.0910572149814706,-0.04112224089793681
320,509,-1.87,2ptl,A,23,N,A,-2.0499349740835338,-2.049558394994491,0.00037657908904265014
317,506,-3.12,2ptl,A,24,L,A,-2.0499349740835338,-2.0792525853866186,-0.029317611303084856
306,495,-1.37,2ptl,A,25,I,A,-2.0499349740835338,-2.0573448768028846,-0.007409902719350825
307,496,-0.47,2ptl,A,25,I,V,-2.0499349740835338,-2.0428590040940504,0.007075969989483344
291,480,-3.12,2ptl,A,26,F,A,-2.0499349740835338,-2.1005804599859776,-0.05064548590244389
292,481,-0.68,2ptl,A,26,F,L,-2.0499349740835338,-2.0804322071564503,-0.03049723307291652
275,464,0.1,2ptl,A,27,A,P,-2.0499349740835338,-2.0880062396709738,-0.038071265587440006
276,465,-0.83,2ptl,A,27,A,V,-2.0499349740835338,-2.0807974399664464,-0.030862465882912637
321,510,-1.78,2ptl,A,28,N,A,-2.0499349740835338,-2.115592565291967,-0.06565759120843317
299,488,-1.52,2ptl,A,29,G,A,-2.0499349740835338,-2.144730983636318,-0.09479600955278444
300,489,-2.53,2ptl,A,29,G,V,-2.0499349740835338,-2.196802188188602,-0.1468672141050682
324,513,-0.3,2ptl,A,30,S,A,-2.0499349740835338,-2.060548048753005,-0.010613074669471256
328,517,-1.17,2ptl,A,31,T,A,-2.0499349740835338,-2.071514423076923,-0.02157944899338915
329,518,-1.11,2ptl,A,33,T,A,-2.0499349740835338,-2.076363001114283,-0.026428027030749313
277,466,-2.17,2ptl,A,34,A,G,-2.0499349740835338,-2.0885633810972557,-0.038628407013721944
278,467,1.47,2ptl,A,34,A,V,-2.0499349740835338,-2.074610392252604,-0.024675418169070262
287,476,-0.59,2ptl,A,35,E,A,-2.0499349740835338,-2.0874528151292067,-0.037517841045672906
293,482,-4.15,2ptl,A,36,F,A,-2.0499349740835338,-2.0990203466170874,-0.049085372533553606
294,483,-3.12,2ptl,A,36,F,L,-2.0499349740835338,-2.0692093678009815,-0.01927439371744777
311,500,-0.88,2ptl,A,37,K,A,-2.0499349740835338,-2.0712651961889024,-0.021330222105368613
301,490,-2.08,2ptl,A,38,G,A,-2.0499349740835338,-2.1171499399038463,-0.0672149658203125
330,519,-1.25,2ptl,A,39,T,A,-2.0499349740835338,-2.064109410995092,-0.014174436911558175
295,484,-3.08,2ptl,A,40,F,G,-2.0499349740835338,-2.030286348783053,0.019648625300480838
296,485,-0.38,2ptl,A,40,F,L,-2.0499349740835338,-2.0306756435296474,0.0192593305538864
312,501,0.16,2ptl,A,42,K,G,-2.0499349740835338,-2.0798699794671474,-0.0299350053836136
279,468,-2.54,2ptl,A,43,A,G,-2.0499349740835338,-2.112566434420072,-0.06263146033653832
331,520,-1.09,2ptl,A,44,T,A,-2.0499349740835338,-2.0574788802709336,-0.0075439061873998625
325,514,0.41,2ptl,A,45,S,A,-2.0499349740835338,-2.0272625654171677,0.022672408666366106
326,515,-0.82,2ptl,A,45,S,G,-2.0499349740835338,-2.0696542201898036,-0.01971924610626985
288,477,-1.19,2ptl,A,46,E,G,-2.0499349740835338,-2.10036370693109,-0.05042873284755611
289,478,-1.08,2ptl,A,46,E,I,-2.0499349740835338,-2.077736096504407,-0.02780112242087318
280,469,-3.1,2ptl,A,47,A,G,-2.0499349740835338,-2.103139437161959,-0.05320446307842541
338,527,-2.82,2ptl,A,48,Y,A,-2.0499349740835338,-2.06189453907502,-0.011959564991486094
281,470,-1.32,2ptl,A,49,A,G,-2.0499349740835338,-2.0888448861929088,-0.038909912109375
339,528,-2.46,2ptl,A,50,Y,A,-2.0499349740835338,-2.042433323004307,0.007501651079226956
282,471,-3.12,2ptl,A,51,A,G,-2.0499349740835338,-2.1108228243314304,-0.06088785024789667
284,473,-1.21,2ptl,A,52,D,A,-2.0499349740835338,-2.060554700020032,-0.010619725936498181
285,474,-2.14,2ptl,A,52,D,G,-2.0499349740835338,-2.093679966070713,-0.043744991987179294
332,521,-0.17,2ptl,A,53,T,G,-2.0499349740835338,-2.058822827461438,-0.008887853377904431
318,507,-2.44,2ptl,A,54,L,A,-2.0499349740835338,-2.0800882975260415,-0.030153323442507762
313,502,0.58,2ptl,A,55,K,A,-2.0499349740835338,-2.0562552427634215,-0.006320268679887775
314,503,0.35,2ptl,A,56,K,A,-2.0499349740835338,-2.0540912334735575,-0.004156259390023731
322,511,-0.34,2ptl,A,58,N,A,-2.0499349740835338,-2.0436278123121996,0.006307161771334169
302,491,-2.23,2ptl,A,59,G,A,-2.0499349740835338,-2.101123712001703,-0.051188737918169025
290,479,-0.23,2ptl,A,60,E,A,-2.0499349740835338,-2.042111323429988,0.007823650653545844
333,522,-0.97,2ptl,A,62,T,A,-2.0499349740835338,-2.0895017966245995,-0.039566822541065694
336,525,-0.92,2ptl,A,63,V,A,-2.0499349740835338,-2.0861121935722156,-0.0361772194886818
286,475,-0.2,2ptl,A,64,D,A,-2.0499349740835338,-2.0887024708283253,-0.03876749674479152
337,526,-1.14,2ptl,A,65,V,A,-2.0499349740835338,-2.072245084322416,-0.022310110238882075
283,472,-0.49,2ptl,A,66,A,G,-2.0499349740835338,-2.078792474208734,-0.028857500125200275
315,504,-0.09,2ptl,A,68,K,A,-2.0499349740835338,-2.048650105794271,0.001284868289262775
303,492,-2.04,2ptl,A,69,G,A,-2.0499349740835338,-2.1303227742513022,-0.08038780016776848
340,529,-1.66,2ptl,A,70,Y,A,-2.0499349740835338,-2.0560064071264024,-0.0060714330428686125
341,530,0.43,2ptl,A,70,Y,L,-2.0499349740835338,-2.047282879169171,0.0026520949143629124
334,523,-1.83,2ptl,A,71,T,A,-2.0499349740835338,-2.07635987110627,-0.026424897022736094
319,508,-3.77,2ptl,A,72,L,A,-2.0499349740835338,-2.081510299291366,-0.03157532520783235
323,512,-1.73,2ptl,A,73,N,A,-2.0499349740835338,-2.0773712549454126,-0.02743628086187888
308,497,-4.72,2ptl,A,74,I,A,-2.0499349740835338,-2.0863641592172475,-0.03642918513371374
309,498,-1.69,2ptl,A,74,I,V,-2.0499349740835338,-2.052606240296975,-0.002671266213441381
316,505,-0.45,2ptl,A,75,K,A,-2.0499349740835338,-2.07421875,-0.024283775916466244
297,486,-3.34,2ptl,A,76,F,L,-2.0499349740835338,-2.081731942983774,-0.03179696890024042
298,487,-3.73,2ptl,A,76,F,V,-2.0499349740835338,-2.107447501940605,-0.057512527857071394
343,532,0.39,2rpn,A,21,V,K,-1.9634720107256356,-1.9295999559305481,0.03387205479508748
342,531,1.05,2rpn,A,7,E,L,-1.9634720107256356,-1.9102119833736095,0.05326002735202606
344,533,-5.975,2vy0,A,287,D,A,-0.7233969370524088,-0.7689711830832742,-0.04557424603086535
345,534,-6.597,2vy0,A,53,E,A,-0.7233969370524088,-0.7372956709428267,-0.013898733890417847
369,558,-0.1,2wqg,A,10,V,A,-1.983131259095435,-2.013518539129519,-0.030387280034084085
370,559,-0.7,2wqg,A,10,V,G,-1.983131259095435,-2.0503797344132964,-0.06724847531786127
371,560,0.4,2wqg,A,11,V,A,-1.983131259095435,-1.9485270182291667,0.03460424086626834
372,561,0.1,2wqg,A,11,V,G,-1.983131259095435,-1.9809776754940258,0.00215358360140927
361,550,-0.6,2wqg,A,12,Q,A,-1.983131259095435,-2.0352304496017157,-0.052099190506280646
362,551,-2.0,2wqg,A,12,Q,G,-1.983131259095435,-2.0931695676317403,-0.11003830853630525
358,547,-0.5,2wqg,A,13,L,A,-1.983131259095435,-2.018267612831265,-0.03513635373583002
354,543,-0.4,2wqg,A,14,K,A,-1.983131259095435,-2.047314064175475,-0.0641828050800397
355,544,-1.9,2wqg,A,14,K,G,-1.983131259095435,-2.0970280965169272,-0.11389683742149215
346,535,0.3,2wqg,A,15,D,A,-1.983131259095435,-1.9989984549728095,-0.015867195877374396
359,548,-1.3,2wqg,A,16,L,A,-1.983131259095435,-2.037289488549326,-0.054158229453890705
356,545,-0.3,2wqg,A,19,K,A,-1.983131259095435,-1.9922708249559589,-0.00913956586052378
365,554,-0.6,2wqg,A,23,S,A,-1.983131259095435,-2.037415448357077,-0.05428418926164191
373,562,-0.5,2wqg,A,24,V,A,-1.983131259095435,-1.9998782288794423,-0.01674696978400725
357,546,-0.6,2wqg,A,28,K,A,-1.983131259095435,-2.1089289048138786,-0.12579764571844354
363,552,0.1,2wqg,A,33,Q,A,-1.983131259095435,-1.9844252642463236,-0.0012940051508885109
364,553,-0.8,2wqg,A,34,R,A,-1.983131259095435,-1.9937693277994792,-0.010638068704044157
352,541,-0.9,2wqg,A,36,I,A,-1.983131259095435,-1.9762748269473804,0.0068564321480546475
353,542,-0.3,2wqg,A,36,I,V,-1.983131259095435,-1.988683214374617,-0.005551955279181842
347,536,0.1,2wqg,A,38,D,A,-1.983131259095435,-1.9298667159734988,0.05326454312193629
348,537,-2.2,2wqg,A,39,D,A,-1.983131259095435,-1.9840086394665288,-0.00087738037109375
349,538,-2.6,2wqg,A,39,D,N,-1.983131259095435,-2.0182598338407627,-0.0351285747453276
350,539,-0.1,2wqg,A,40,E,Q,-1.983131259095435,-1.9996450087603401,-0.016513749664905042
351,540,-0.4,2wqg,A,41,E,G,-1.983131259095435,-2.058628157073376,-0.07549689797794112
374,563,-2.4,2wqg,A,5,Y,F,-1.983131259095435,-1.9795602536668964,0.0035710054285387205
366,555,0.1,2wqg,A,6,S,A,-1.983131259095435,-2.018467772240732,-0.035336513145296955
367,556,-0.2,2wqg,A,6,S,G,-1.983131259095435,-2.032678192737056,-0.04954693364162077
360,549,-2.0,2wqg,A,8,L,A,-1.983131259095435,-2.074297736672794,-0.09116647757735885
368,557,0.1,2wqg,A,9,T,S,-1.983131259095435,-1.9830765069699754,5.475212545968944e-05
375,564,-0.74,2zta,A,11,E,Q,-2.2484448340631302,-2.3108276859406502,-0.06238285187752002
378,567,-0.41,2zta,A,15,K,A,-2.2484448340631302,-2.324987103862147,-0.0765422697990168
376,565,0.2,2zta,A,20,E,Q,-2.2484448340631302,-2.260867211126512,-0.012422377063381784
377,566,-1.83,2zta,A,22,E,Q,-2.2484448340631302,-2.3085122877551663,-0.06006745369203603
382,571,-1.66,2zta,A,25,R,A,-2.2484448340631302,-2.2840182396673385,-0.0355734056042083
379,568,-0.91,2zta,A,27,K,A,-2.2484448340631302,-2.3253510998141382,-0.07690626575100801
380,569,-0.06,2zta,A,28,K,A,-2.2484448340631302,-2.269403273059476,-0.020958438996345752
381,570,-0.39,2zta,A,8,K,A,-2.2484448340631302,-2.2797140306042087,-0.031269196541078514
384,573,-1.137,3bci,A,153,T,V,-0.8567721280184659,-0.8458978826349431,0.010874245383522774
383,572,1.369,3bci,A,96,E,Q,-0.8567721280184659,-0.8674179539535984,-0.010645825935132525
385,574,-1.506,3bn0,A,20,I,V,-1.1190494738127057,-1.1416543257863898,-0.022604851973684115
388,577,-1.11,3c2i,A,100,L,V,-1.2305433485243056,-1.3581890530056424,-0.12764570448133683
390,579,-0.12,3c2i,A,106,R,Q,-1.2305433485243056,-1.3392676247490778,-0.10872427622477221
391,580,-0.04,3c2i,A,106,R,W,-1.2305433485243056,-1.4107786814371746,-0.18023533291286897
392,581,0.43,3c2i,A,111,R,G,-1.2305433485243056,-1.3190817303127713,-0.08853838178846574
393,582,-0.37,3c2i,A,133,R,C,-1.2305433485243056,-1.271258036295573,-0.04071468777126741
394,583,-0.24,3c2i,A,133,R,H,-1.2305433485243056,-1.2680705388387044,-0.03752719031439877
395,584,-1.05,3c2i,A,134,S,C,-1.2305433485243056,-1.2883610195583768,-0.057817671034071205
389,578,-1.46,3c2i,A,152,P,R,-1.2305433485243056,-1.3454701105753581,-0.11492676205105257
387,576,-0.43,3c2i,A,155,F,S,-1.2305433485243056,-1.4272567960951064,-0.19671344757080078
386,575,-0.88,3c2i,A,156,D,E,-1.2305433485243056,-1.3047183354695637,-0.07417498694525815
396,585,-0.47,3c2i,A,158,T,A,-1.2305433485243056,-1.2669027116563585,-0.0363593631320529
397,586,-0.25,3c2i,A,158,T,M,-1.2305433485243056,-1.2846095826890733,-0.054066234164767746
398,587,3.02,3d2a,A,134,M,E,-0.7323794231734462,-0.7286041089276362,0.003775314245810013
399,588,3.34,3d2a,A,137,M,P,-0.7323794231734462,-0.7415239557873603,-0.009144532613914125
400,589,2.11,3d2a,A,163,S,P,-0.7323794231734462,-0.76976652518331,-0.03738710200986384
401,590,-0.65,3d3b,A,118,D,A,-1.3590325005620503,-1.374926999318514,-0.01589449875646376
402,591,-0.6,3d3b,A,118,D,E,-1.3590325005620503,-1.3664048009639165,-0.007372300401866205
403,592,-1.6,3d3b,A,118,D,K,-1.3590325005620503,-1.3679394619070369,-0.008906961344986586
404,593,-1.34,3d3b,A,118,D,N,-1.3590325005620503,-1.359152155814411,-0.00011965525236079522
405,594,-1.41,3d3b,A,118,D,R,-1.3590325005620503,-1.3767906573178956,-0.017758156755845356
437,626,0.8,3ecu,A,46,H,R,-1.269219890918607,-1.2998409894556782,-0.03062109853707118
438,627,-0.5,3fis,A,61,P,A,-1.9685652223351884,-2.089087290306614,-0.12052206797142562
439,628,0.34,3g1g,A,155,D,Y,-1.1743861607142858,-1.2165321251014611,-0.04214596438717533
440,629,-0.74,3g1g,A,167,F,Y,-1.1743861607142858,-1.1689285674652496,0.005457593249036163
442,631,1.32,3g1g,A,185,R,W,-1.1743861607142858,-1.242454429725548,-0.06806826901126217
441,630,-0.17,3g1g,A,190,I,V,-1.1743861607142858,-1.2556426803787033,-0.08125651966441749
0,635,-3.23,3l15,B,442,Y,H,-1.5836042516371782,-1.6018033495136337,-0.01819909787645546
2,637,-2.866,3mon,B,3,W,C,-2.0635430908203123,-2.0971470642089844,-0.03360397338867216
1,636,1.194,3mon,B,39,R,G,-2.0635430908203123,-2.07170654296875,-0.0081634521484375
7,642,-2.0,3o39,A,100,Q,L,-1.6518484751383464,-1.631007194519043,0.02084128061930346
3,638,-1.81,3o39,A,115,F,I,-1.6518484751383464,-1.7446878751118977,-0.09283939997355128
4,639,-1.64,3o39,A,115,F,L,-1.6518484751383464,-1.6831769943237305,-0.03132851918538404
6,641,-3.25,3o39,A,32,L,P,-1.6518484751383464,-1.6992902755737305,-0.04744180043538404
8,643,-0.05,3o39,A,49,Q,L,-1.6518484751383464,-1.6313815116882324,0.020466963450114006
5,640,-0.58,3o39,A,96,H,L,-1.6518484751383464,-1.6482936541239421,0.003554821014404297
9,644,-1.3,3s4m,A,122,D,Y,-0.8504537156790741,-0.9063028382860925,-0.05584912260701835
10,645,-2.5,3s4m,A,130,G,V,-0.8504537156790741,-1.0272929294050233,-0.17683921372594913
11,646,0.096,3s4m,A,154,I,F,-0.8504537156790741,-0.9916564058666387,-0.1412026901875646
12,647,-0.693,3s4m,A,155,W,R,-0.8504537156790741,-0.9180280196765238,-0.06757430399744968
13,648,2.03,3s92,A,395,H,R,-1.0435750094327059,-1.0902534484863282,-0.046678439053622345
14,649,0.99,4bjx,A,89,A,V,-0.9414705291507751,-0.9817477248785064,-0.04027719572773125
15,650,0.89,4buq,A,137,Y,A,-1.0939242206042326,-1.125200006026256,-0.03127578542202336
16,651,-1.435,4buq,A,48,Y,A,-1.0939242206042326,-1.0978665895099882,-0.003942368905755611
1,656,-1.362,4n6v,0,36,P,G,-1.1467379056490385,-1.1764585893232744,-0.02972068367423586
0,655,0.574,4n6v,0,75,H,W,-1.1467379056490385,-1.1212106222634788,0.025527283385559763
2,657,1.745,4n6v,0,79,P,S,-1.1467379056490385,-1.178644285097227,-0.031906379448188416
5,660,-0.44,4waa,A,27,R,A,-1.502881610204303,-1.5285127427842882,-0.025631132579985172
3,658,0.1,4waa,A,65,K,A,-1.502881610204303,-1.5260702466207838,-0.023188636416480835
4,659,-2.07,4waa,A,67,K,A,-1.502881610204303,-1.5132772052098835,-0.010395595005580516
6,661,-0.71,4yee,A,134,V,T,-1.2593031162168922,-1.2869632069657488,-0.02766009074885667
7,662,-0.93,4yef,A,134,T,V,-1.2559326171875,-1.2855268478393556,-0.029594230651855513
8,663,-1.44,5jxb,A,329,D,G,-1.6775191869491186,-1.6930668496678019,-0.015547662718683242
9,664,-1.44,5jxb,A,329,D,P,-1.6775191869491186,-1.7085487822182157,-0.0310295952690971
10,665,-2.99,5oaq,A,429,Y,H,-1.5366563983992034,-1.5589991550819546,-0.022342756682751208
12,667,-0.378,5vp3,A,128,S,G,-1.2745846479366987,-1.307405285957532,-0.03282063802083335
13,668,0.354,5vp3,A,183,V,T,-1.2745846479366987,-1.2969333746494391,-0.022348726712740463
11,666,0.413,5vp3,A,39,R,K,-1.2745846479366987,-1.2751949994991987,-0.0006103515625
