,Unnamed: 0,pdb_code,chain,from_aa,position,to_aa,ddg,method,ll_native,ll_mut,delta
0,0,1A0F,A,S,11,A,-1.8,EXPDTA X-RAY DIFFRACTION,-0.825980418950171,-0.8479362981236396,-0.02195587917346853
1,1,1A7V,A,A,104,H,-2.69,EXPDTA X-RAY DIFFRACTION,-0.6909303588867187,-0.7643150024414063,-0.07338464355468755
7,7,1A7V,A,K,13,H,-0.6,EXPDTA X-RAY DIFFRACTION,-0.6909303588867187,-0.7200945434570313,-0.029164184570312557
8,8,1A7V,A,K,20,H,-2.88,EXPDTA X-RAY DIFFRACTION,-0.6909303588867187,-0.747469970703125,-0.05653961181640632
4,4,1A7V,A,D,3,H,-1.36,EXPDTA X-RAY DIFFRACTION,-0.6909303588867187,-0.7350859375,-0.04415557861328123
9,9,1A7V,A,K,31,H,-1.36,EXPDTA X-RAY DIFFRACTION,-0.6909303588867187,-0.7500001831054688,-0.05906982421875007
10,10,1A7V,A,K,39,H,-1.86,EXPDTA X-RAY DIFFRACTION,-0.6909303588867187,-0.740726318359375,-0.04979595947265625
11,11,1A7V,A,K,49,H,-2.02,EXPDTA X-RAY DIFFRACTION,-0.6909303588867187,-0.786166015625,-0.09523565673828127
5,5,1A7V,A,D,58,H,-2.05,EXPDTA X-RAY DIFFRACTION,-0.6909303588867187,-0.7685205688476563,-0.07759020996093757
2,2,1A7V,A,A,66,H,-1.98,EXPDTA X-RAY DIFFRACTION,-0.6909303588867187,-0.710265625,-0.01933526611328129
6,6,1A7V,A,E,73,H,-3.01,EXPDTA X-RAY DIFFRACTION,-0.6909303588867187,-0.77493115234375,-0.08400079345703126
12,12,1A7V,A,K,84,H,-2.88,EXPDTA X-RAY DIFFRACTION,-0.6909303588867187,-0.7382770385742188,-0.04734667968750006
3,3,1A7V,A,A,91,H,-1.7,EXPDTA X-RAY DIFFRACTION,-0.6909303588867187,-0.7542439575195312,-0.0633135986328125
13,13,1A7V,A,K,97,H,-1.97,EXPDTA X-RAY DIFFRACTION,-0.6909303588867187,-0.742874267578125,-0.051943908691406304
14,14,1BA3,A,H,457,D,-1.745,EXPDTA X-RAY DIFFRACTION,-0.9706808584707755,-0.9834916856553819,-0.012810827184606466
15,15,1BA3,A,H,485,D,0.287,EXPDTA X-RAY DIFFRACTION,-0.9706808584707755,-0.967024400499132,0.0036564579716434897
16,16,1BA3,A,H,485,K,-0.287,EXPDTA X-RAY DIFFRACTION,-0.9706808584707755,-0.965409681532118,0.005271176938657418
17,17,1BA3,A,H,485,M,-0.263,EXPDTA X-RAY DIFFRACTION,-0.9706808584707755,-0.9739028365523726,-0.0032219780815971877
18,18,1BFM,A,M,35,W,-0.7,EXPDTA SOLUTION NMR,-0.8818018816519475,-0.8936128478119338,-0.011810966159986336
19,19,1BFM,A,M,35,Y,-0.4,EXPDTA SOLUTION NMR,-0.8818018816519475,-0.8428609543952389,0.03894092725670861
20,20,1BNL,A,D,76,A,-0.821,EXPDTA X-RAY DIFFRACTION,-1.2355948458896595,-1.247147463680653,-0.01155261779099348
22,22,1D5G,A,I,20,F,0.91,EXPDTA SOLUTION NMR,-1.0059805711110432,-1.0991357167561848,-0.0931551456451416
21,21,1D5G,A,H,71,Y,-0.04,EXPDTA SOLUTION NMR,-1.0059805711110432,-1.0611600875854492,-0.055179516474406
60,60,1DIV,A,M,1,A,-1.46,EXPDTA X-RAY DIFFRACTION,-0.8532772192218959,-0.8768826683095637,-0.023605449087667818
61,61,1DIV,A,M,1,G,-2.36,EXPDTA X-RAY DIFFRACTION,-0.8532772192218959,-0.8844610636666317,-0.031183844444735764
42,42,1DIV,A,K,10,M,0.05,EXPDTA X-RAY DIFFRACTION,-0.8532772192218959,-0.9184234414324665,-0.06514622221057054
26,26,1DIV,A,E,100,A,-0.98,EXPDTA X-RAY DIFFRACTION,-0.8532772192218959,-0.868733143646445,-0.015455924424549128
27,27,1DIV,A,E,100,G,-1.52,EXPDTA X-RAY DIFFRACTION,-0.8532772192218959,-0.8935776268875839,-0.04030040766568799
48,48,1DIV,A,L,102,A,-2.37,EXPDTA X-RAY DIFFRACTION,-0.8532772192218959,-0.9300405003080432,-0.07676328108614727
32,32,1DIV,A,H,106,Q,-1.53,EXPDTA X-RAY DIFFRACTION,-0.8532772192218959,-0.871870309714503,-0.018593090492607045
49,49,1DIV,A,L,108,A,-2.33,EXPDTA X-RAY DIFFRACTION,-0.8532772192218959,-0.906296288407089,-0.05301906918519306
50,50,1DIV,A,L,110,A,-3.21,EXPDTA X-RAY DIFFRACTION,-0.8532772192218959,-0.9393711986157718,-0.08609397939387586
35,35,1DIV,A,I,115,A,-3.52,EXPDTA X-RAY DIFFRACTION,-0.8532772192218959,-0.9592521718684459,-0.10597495264654999
51,51,1DIV,A,L,117,A,-0.82,EXPDTA X-RAY DIFFRACTION,-0.8532772192218959,-0.907710542614828,-0.054433323392932054
36,36,1DIV,A,I,121,A,-2.88,EXPDTA X-RAY DIFFRACTION,-0.8532772192218959,-0.948054780896078,-0.09477756167418205
62,62,1DIV,A,V,129,A,-1.81,EXPDTA X-RAY DIFFRACTION,-0.8532772192218959,-0.9418390261246854,-0.08856180690278947
63,63,1DIV,A,V,131,A,-1.93,EXPDTA X-RAY DIFFRACTION,-0.8532772192218959,-0.9164510637321728,-0.06317384451027686
52,52,1DIV,A,L,133,A,-2.94,EXPDTA X-RAY DIFFRACTION,-0.8532772192218959,-0.9670947798146498,-0.11381756059275383
33,33,1DIV,A,H,134,Q,-0.34,EXPDTA X-RAY DIFFRACTION,-0.8532772192218959,-0.9377794713781984,-0.08450225215630247
64,64,1DIV,A,V,137,A,-2.41,EXPDTA X-RAY DIFFRACTION,-0.8532772192218959,-0.9243663813443792,-0.07108916212248328
43,43,1DIV,A,K,14,M,0.01,EXPDTA X-RAY DIFFRACTION,-0.8532772192218959,-0.892913818359375,-0.03963659913747908
53,53,1DIV,A,L,141,A,-3.56,EXPDTA X-RAY DIFFRACTION,-0.8532772192218959,-0.9465157937683515,-0.09323857454645557
65,65,1DIV,A,V,143,A,-3.25,EXPDTA X-RAY DIFFRACTION,-0.8532772192218959,-0.949787831146445,-0.09651061192454913
34,34,1DIV,A,H,144,Q,-0.56,EXPDTA X-RAY DIFFRACTION,-0.8532772192218959,-0.8524585698274958,0.0008186493944001283
66,66,1DIV,A,V,145,A,-1.92,EXPDTA X-RAY DIFFRACTION,-0.8532772192218959,-0.8898429102545616,-0.036565691032665715
44,44,1DIV,A,K,15,M,-0.31,EXPDTA X-RAY DIFFRACTION,-0.8532772192218959,-0.8935907351090604,-0.040313515887164475
28,28,1DIV,A,E,17,Q,-0.21,EXPDTA X-RAY DIFFRACTION,-0.8532772192218959,-0.8665691606150377,-0.013291941393141826
67,67,1DIV,A,V,21,A,-2.33,EXPDTA X-RAY DIFFRACTION,-0.8532772192218959,-0.926312952233641,-0.07303573301174504
68,68,1DIV,A,V,21,I,-0.4,EXPDTA X-RAY DIFFRACTION,-0.8532772192218959,-0.9104951180067639,-0.05721789878486794
69,69,1DIV,A,V,21,L,-1.23,EXPDTA X-RAY DIFFRACTION,-0.8532772192218959,-0.9252541561254719,-0.07197693690357598
23,23,1DIV,A,D,23,A,-0.46,EXPDTA X-RAY DIFFRACTION,-0.8532772192218959,-0.849193598600042,0.004083620621853967
24,24,1DIV,A,D,23,N,-0.58,EXPDTA X-RAY DIFFRACTION,-0.8532772192218959,-0.8560178615902895,-0.0027406423683935532
70,70,1DIV,A,V,3,A,-2.55,EXPDTA X-RAY DIFFRACTION,-0.8532772192218959,-0.9047357956035025,-0.05145857638160656
71,71,1DIV,A,V,3,I,-0.31,EXPDTA X-RAY DIFFRACTION,-0.8532772192218959,-0.8910571616768037,-0.03777994245490779
72,72,1DIV,A,V,3,L,-2.21,EXPDTA X-RAY DIFFRACTION,-0.8532772192218959,-0.9248420664128041,-0.07156484719090817
54,54,1DIV,A,L,30,A,-2.76,EXPDTA X-RAY DIFFRACTION,-0.8532772192218959,-0.9786770199769296,-0.12539980075503365
55,55,1DIV,A,L,30,V,-3.62,EXPDTA X-RAY DIFFRACTION,-0.8532772192218959,-0.9678209548028524,-0.11454373558095643
29,29,1DIV,A,E,38,Q,-0.56,EXPDTA X-RAY DIFFRACTION,-0.8532772192218959,-0.8549075030640467,-0.0016302838421508037
37,37,1DIV,A,I,4,A,-2.22,EXPDTA X-RAY DIFFRACTION,-0.8532772192218959,-0.9549960962077916,-0.10171887698589566
38,38,1DIV,A,I,4,V,-0.59,EXPDTA X-RAY DIFFRACTION,-0.8532772192218959,-0.8901269899918729,-0.036849770769976975
30,30,1DIV,A,E,48,Q,0.03,EXPDTA X-RAY DIFFRACTION,-0.8532772192218959,-0.8666928694552223,-0.01341565023332636
31,31,1DIV,A,E,54,Q,0.33,EXPDTA X-RAY DIFFRACTION,-0.8532772192218959,-0.8674901155817428,-0.014212896359846905
56,56,1DIV,A,L,6,A,-3.1,EXPDTA X-RAY DIFFRACTION,-0.8532772192218959,-0.9185289216521603,-0.06525170243026435
57,57,1DIV,A,L,6,I,-0.13,EXPDTA X-RAY DIFFRACTION,-0.8532772192218959,-0.883484603574612,-0.030207384352716082
58,58,1DIV,A,L,6,V,-0.41,EXPDTA X-RAY DIFFRACTION,-0.8532772192218959,-0.8908042139654991,-0.037526994743603215
45,45,1DIV,A,K,7,M,0.35,EXPDTA X-RAY DIFFRACTION,-0.8532772192218959,-0.9091325798290688,-0.05585536060717289
59,59,1DIV,A,L,72,A,-3.77,EXPDTA X-RAY DIFFRACTION,-0.8532772192218959,-0.9588669130466129,-0.10558969382471695
39,39,1DIV,A,I,79,A,-3.49,EXPDTA X-RAY DIFFRACTION,-0.8532772192218959,-0.9572166084443163,-0.10393938922242041
25,25,1DIV,A,D,8,N,-0.3,EXPDTA X-RAY DIFFRACTION,-0.8532772192218959,-0.864391352506292,-0.011114133284396033
40,40,1DIV,A,I,93,A,-3.19,EXPDTA X-RAY DIFFRACTION,-0.8532772192218959,-0.927689110672714,-0.07441189145081806
46,46,1DIV,A,K,96,A,0.61,EXPDTA X-RAY DIFFRACTION,-0.8532772192218959,-0.8678965728554949,-0.014619353633599008
47,47,1DIV,A,K,96,G,-0.2,EXPDTA X-RAY DIFFRACTION,-0.8532772192218959,-0.8810421732448092,-0.027764954022913235
41,41,1DIV,A,I,98,A,-4.28,EXPDTA X-RAY DIFFRACTION,-0.8532772192218959,-0.9808272803389786,-0.12755006111708267
73,73,1DXX,A,K,10,N,-3.7,EXPDTA X-RAY DIFFRACTION,-1.1870378766741072,-1.1999666871142989,-0.012928810440191674
74,74,1EKG,A,L,109,C,-1.0,EXPDTA X-RAY DIFFRACTION,-0.73847698564289,-0.8560932063254989,-0.11761622068260891
75,75,1EKG,A,L,111,C,-2.0,EXPDTA X-RAY DIFFRACTION,-0.73847698564289,-0.8264334542410714,-0.0879564685981814
76,76,1EKG,A,L,114,C,1.0,EXPDTA X-RAY DIFFRACTION,-0.73847698564289,-0.8256405101102942,-0.08716352446740416
77,77,1EKG,A,S,92,F,-2.6,EXPDTA X-RAY DIFFRACTION,-0.73847698564289,-0.8744928696576286,-0.13601588401473863
78,78,1F8I,A,F,345,A,-0.455,EXPDTA X-RAY DIFFRACTION,-1.0381847086779128,-1.0557664071648127,-0.017581698486899944
79,79,1FH5,A,S,15,N,0.6,EXPDTA X-RAY DIFFRACTION,-1.260626282354798,-1.2799167825718119,-0.01929050021701384
80,80,1FRD,A,H,42,R,4.0,EXPDTA X-RAY DIFFRACTION,-0.8534485953194755,-0.8253911076759806,0.028057487643494916
83,83,1FT8,A,L,118,I,-0.35,EXPDTA X-RAY DIFFRACTION,-1.2179371226917615,-1.2580349504455062,-0.04009782775374471
81,81,1FT8,A,I,144,V,-0.64,EXPDTA X-RAY DIFFRACTION,-1.2179371226917615,-1.2278863575832903,-0.00994923489152888
84,84,1FT8,A,L,147,I,-0.11,EXPDTA X-RAY DIFFRACTION,-1.2179371226917615,-1.2416374269595816,-0.023700304267820105
93,93,1FT8,A,V,167,A,-0.16,EXPDTA X-RAY DIFFRACTION,-1.2179371226917615,-1.2517908269708806,-0.03385370427911916
85,85,1FT8,A,L,173,I,-0.8,EXPDTA X-RAY DIFFRACTION,-1.2179371226917615,-1.2512917006311337,-0.03335457793937224
86,86,1FT8,A,L,173,V,-1.41,EXPDTA X-RAY DIFFRACTION,-1.2179371226917615,-1.2634743934820507,-0.04553727079028924
87,87,1FT8,A,L,195,A,-1.65,EXPDTA X-RAY DIFFRACTION,-1.2179371226917615,-1.2744806463068181,-0.05654352361505666
88,88,1FT8,A,L,197,I,-0.85,EXPDTA X-RAY DIFFRACTION,-1.2179371226917615,-1.2632335316051135,-0.04529640891335207
92,92,1FT8,A,S,219,A,0.32,EXPDTA X-RAY DIFFRACTION,-1.2179371226917615,-1.2146276048392304,0.0033095178525310853
89,89,1FT8,A,L,228,I,-0.53,EXPDTA X-RAY DIFFRACTION,-1.2179371226917615,-1.2506920680526858,-0.03275494536092438
90,90,1FT8,A,L,229,I,0.05,EXPDTA X-RAY DIFFRACTION,-1.2179371226917615,-1.2313693968717716,-0.01343227418001014
82,82,1FT8,A,L,92,V,-1.38,EXPDTA X-RAY DIFFRACTION,-1.2179371226917615,-1.2648317951801396,-0.046894672488378086
91,91,1FT8,A,M,96,L,0.27,EXPDTA X-RAY DIFFRACTION,-1.2179371226917615,-1.244643912827673,-0.026706790135911485
102,102,1FXA,A,R,42,A,-2.4,EXPDTA X-RAY DIFFRACTION,-0.6636495784837373,-0.6980956719846142,-0.034446093500876906
103,103,1FXA,A,R,42,H,-1.4,EXPDTA X-RAY DIFFRACTION,-0.6636495784837373,-0.7017958504813058,-0.03814627199756848
104,104,1FXA,A,T,48,A,0.1,EXPDTA X-RAY DIFFRACTION,-0.6636495784837373,-0.6981957883250957,-0.034546209841358366
98,98,1FXA,A,F,65,A,-1.0,EXPDTA X-RAY DIFFRACTION,-0.6636495784837373,-0.7093299554318798,-0.04568037694814253
99,99,1FXA,A,F,65,I,-0.9,EXPDTA X-RAY DIFFRACTION,-0.6636495784837373,-0.7319641891790896,-0.06831461069535227
100,100,1FXA,A,F,65,W,-0.6,EXPDTA X-RAY DIFFRACTION,-0.6636495784837373,-0.7116374580227599,-0.047987879539022615
101,101,1FXA,A,F,65,Y,-0.5,EXPDTA X-RAY DIFFRACTION,-0.6636495784837373,-0.6648551785216039,-0.0012056000378666276
94,94,1FXA,A,E,94,D,-1.1,EXPDTA X-RAY DIFFRACTION,-0.6636495784837373,-0.7265477861676898,-0.06289820768395249
95,95,1FXA,A,E,94,K,-0.4,EXPDTA X-RAY DIFFRACTION,-0.6636495784837373,-0.6882869954011879,-0.024637416917450583
96,96,1FXA,A,E,94,Q,0.6,EXPDTA X-RAY DIFFRACTION,-0.6636495784837373,-0.6801204292141662,-0.016470850730428865
97,97,1FXA,A,E,95,K,1.0,EXPDTA X-RAY DIFFRACTION,-0.6636495784837373,-0.6749318959761639,-0.011282317492426586
125,125,1G3P,A,F,110,V,-3.705,EXPDTA X-RAY DIFFRACTION,-2.0741871139766035,-2.074333470529287,-0.00014635655268335768
129,129,1G3P,A,Q,111,N,-1.793,EXPDTA X-RAY DIFFRACTION,-2.0741871139766035,-2.072321866819372,0.0018652471572315754
126,126,1G3P,A,N,112,G,0.765,EXPDTA X-RAY DIFFRACTION,-2.0741871139766035,-2.065132181057755,0.00905493291884829
127,127,1G3P,A,N,113,K,-0.43,EXPDTA X-RAY DIFFRACTION,-2.0741871139766035,-2.076826644817572,-0.0026395308409683516
128,128,1G3P,A,N,113,V,-2.032,EXPDTA X-RAY DIFFRACTION,-2.0741871139766035,-2.096492747361747,-0.022305633385143686
131,131,1G3P,A,R,118,V,0.765,EXPDTA X-RAY DIFFRACTION,-2.0741871139766035,-2.072065902630072,0.0021212113465316484
130,130,1G3P,A,Q,119,N,0.263,EXPDTA X-RAY DIFFRACTION,-2.0741871139766035,-2.0593774605795976,0.014809653397005906
105,105,1G3P,A,A,121,K,-0.287,EXPDTA X-RAY DIFFRACTION,-2.0741871139766035,-2.079101242944208,-0.004914128967604459
106,106,1G3P,A,D,134,A,-0.263,EXPDTA X-RAY DIFFRACTION,-2.0741871139766035,-2.0822103610213514,-0.008023247044747883
107,107,1G3P,A,D,134,C,-0.096,EXPDTA X-RAY DIFFRACTION,-2.0741871139766035,-2.095115142342932,-0.020928028366328455
108,108,1G3P,A,D,134,E,-0.359,EXPDTA X-RAY DIFFRACTION,-2.0741871139766035,-2.0789692664021597,-0.004782152425556241
109,109,1G3P,A,D,134,F,-0.359,EXPDTA X-RAY DIFFRACTION,-2.0741871139766035,-2.088803595897415,-0.014616481920811442
110,110,1G3P,A,D,134,G,-0.669,EXPDTA X-RAY DIFFRACTION,-2.0741871139766035,-2.0766882771596857,-0.0025011631830822445
111,111,1G3P,A,D,134,H,0.048,EXPDTA X-RAY DIFFRACTION,-2.0741871139766035,-2.093608436784195,-0.01942132280759168
112,112,1G3P,A,D,134,I,-0.932,EXPDTA X-RAY DIFFRACTION,-2.0741871139766035,-2.0924917490694535,-0.018304635092849963
113,113,1G3P,A,D,134,K,-0.335,EXPDTA X-RAY DIFFRACTION,-2.0741871139766035,-2.0878647409808573,-0.01367762700425379
114,114,1G3P,A,D,134,L,-0.55,EXPDTA X-RAY DIFFRACTION,-2.0741871139766035,-2.08669708411731,-0.012509970140706539
115,115,1G3P,A,D,134,M,-0.502,EXPDTA X-RAY DIFFRACTION,-2.0741871139766035,-2.090593268109866,-0.016406154133262518
116,116,1G3P,A,D,134,N,0.072,EXPDTA X-RAY DIFFRACTION,-2.0741871139766035,-2.0780652430669178,-0.003878129090314264
117,117,1G3P,A,D,134,P,-0.645,EXPDTA X-RAY DIFFRACTION,-2.0741871139766035,-2.093580635430301,-0.01939352145369755
118,118,1G3P,A,D,134,Q,-0.478,EXPDTA X-RAY DIFFRACTION,-2.0741871139766035,-2.0874111315342767,-0.013224017557673218
119,119,1G3P,A,D,134,R,-0.669,EXPDTA X-RAY DIFFRACTION,-2.0741871139766035,-2.0926385849558247,-0.018451470979221174
120,120,1G3P,A,D,134,S,-0.287,EXPDTA X-RAY DIFFRACTION,-2.0741871139766035,-2.078963514397906,-0.004776400421302451
121,121,1G3P,A,D,134,T,-0.741,EXPDTA X-RAY DIFFRACTION,-2.0741871139766035,-2.081537376523642,-0.007350262547038522
122,122,1G3P,A,D,134,V,-1.123,EXPDTA X-RAY DIFFRACTION,-2.0741871139766035,-2.090935991696662,-0.01674887772005862
123,123,1G3P,A,D,134,W,-0.1669999999999999,EXPDTA X-RAY DIFFRACTION,-2.0741871139766035,-2.090267960313727,-0.01608084633712359
124,124,1G3P,A,D,134,Y,-0.072,EXPDTA X-RAY DIFFRACTION,-2.0741871139766035,-2.088155856307264,-0.0139687423306607
132,132,1GLU,A,C,67,A,-1.22,EXPDTA X-RAY DIFFRACTION,-1.3009406195746527,-1.437347412109375,-0.13640679253472232
164,164,1GUA,A,N,1,M,0.271,EXPDTA X-RAY DIFFRACTION,-1.439521588777241,-1.4149593554045026,0.02456223337273844
168,168,1GUA,A,Q,11,A,-0.504,EXPDTA X-RAY DIFFRACTION,-1.439521588777241,-1.4720399756180613,-0.03251838684082031
174,174,1GUA,A,T,13,A,-0.109,EXPDTA X-RAY DIFFRACTION,-1.439521588777241,-1.4886512756347656,-0.04912968685752461
177,177,1GUA,A,V,14,A,-1.116,EXPDTA X-RAY DIFFRACTION,-1.439521588777241,-1.487909618176912,-0.04838802939967102
178,178,1GUA,A,V,15,A,-1.77,EXPDTA X-RAY DIFFRACTION,-1.439521588777241,-1.5605601260536595,-0.12103853727641845
179,179,1GUA,A,V,17,A,-1.052,EXPDTA X-RAY DIFFRACTION,-1.439521588777241,-1.6105067604466488,-0.17098517166940774
180,180,1GUA,A,V,17,I,-0.8640000000000001,EXPDTA X-RAY DIFFRACTION,-1.439521588777241,-1.5228912955836247,-0.08336970680638367
163,163,1GUA,A,M,21,A,-0.961,EXPDTA X-RAY DIFFRACTION,-1.439521588777241,-1.5134076570209705,-0.07388606824372945
172,172,1GUA,A,S,22,A,-1.5730000000000002,EXPDTA X-RAY DIFFRACTION,-1.439521588777241,-1.526201047395405,-0.08667945861816406
173,173,1GUA,A,S,22,T,0.581,EXPDTA X-RAY DIFFRACTION,-1.439521588777241,-1.4248360081722862,0.01468558060495484
157,157,1GUA,A,L,23,A,-3.803,EXPDTA X-RAY DIFFRACTION,-1.439521588777241,-1.606748380159077,-0.16722679138183594
145,145,1GUA,A,D,25,A,-0.493,EXPDTA X-RAY DIFFRACTION,-1.439521588777241,-1.5190823203638981,-0.07956073158665711
137,137,1GUA,A,C,26,A,0.283,EXPDTA X-RAY DIFFRACTION,-1.439521588777241,-1.4728930623907792,-0.033371473613538205
138,138,1GUA,A,C,26,I,-0.912,EXPDTA X-RAY DIFFRACTION,-1.439521588777241,-1.5130483727706106,-0.07352678399336954
158,158,1GUA,A,L,27,A,-3.529,EXPDTA X-RAY DIFFRACTION,-1.439521588777241,-1.6175242976138466,-0.17800270883660563
159,159,1GUA,A,L,27,I,-1.6,EXPDTA X-RAY DIFFRACTION,-1.439521588777241,-1.5694235751503391,-0.12990198637309813
160,160,1GUA,A,L,27,V,-1.7,EXPDTA X-RAY DIFFRACTION,-1.439521588777241,-1.6004041370592619,-0.16088254828202087
149,149,1GUA,A,I,3,A,-3.274,EXPDTA X-RAY DIFFRACTION,-1.439521588777241,-1.6317812267102694,-0.19225963793302836
150,150,1GUA,A,I,3,F,-1.2990000000000002,EXPDTA X-RAY DIFFRACTION,-1.439521588777241,-1.6495996776380037,-0.21007808886076274
151,151,1GUA,A,I,3,L,-0.7709999999999999,EXPDTA X-RAY DIFFRACTION,-1.439521588777241,-1.556292684454667,-0.11677109567742594
135,135,1GUA,A,A,30,G,-2.149,EXPDTA X-RAY DIFFRACTION,-1.439521588777241,-1.5462044163754112,-0.10668282759817016
161,161,1GUA,A,L,31,A,-3.2260000000000004,EXPDTA X-RAY DIFFRACTION,-1.439521588777241,-1.538509770443565,-0.09898818166632406
171,171,1GUA,A,R,34,L,1.078,EXPDTA X-RAY DIFFRACTION,-1.439521588777241,-1.5119849757144326,-0.07246338693719157
162,162,1GUA,A,L,36,A,-1.575,EXPDTA X-RAY DIFFRACTION,-1.439521588777241,-1.5672942713687295,-0.12777268259148844
167,167,1GUA,A,P,38,A,-0.0819999999999999,EXPDTA X-RAY DIFFRACTION,-1.439521588777241,-1.5163150586579974,-0.07679346988075642
170,170,1GUA,A,R,4,A,0.178,EXPDTA X-RAY DIFFRACTION,-1.439521588777241,-1.4717145217092413,-0.03219293293200032
139,139,1GUA,A,C,40,A,-0.08,EXPDTA X-RAY DIFFRACTION,-1.439521588777241,-1.4181822726601048,0.021339316117136242
140,140,1GUA,A,C,41,A,-1.759,EXPDTA X-RAY DIFFRACTION,-1.439521588777241,-1.5302868893272,-0.0907653005499589
141,141,1GUA,A,C,41,L,-0.043,EXPDTA X-RAY DIFFRACTION,-1.439521588777241,-1.516680868048417,-0.07715927927117594
142,142,1GUA,A,C,41,M,-0.337,EXPDTA X-RAY DIFFRACTION,-1.439521588777241,-1.4953493820993524,-0.05582779332211141
136,136,1GUA,A,A,42,G,-0.863,EXPDTA X-RAY DIFFRACTION,-1.439521588777241,-1.4774263281571238,-0.03790473937988281
181,181,1GUA,A,V,43,A,-1.981,EXPDTA X-RAY DIFFRACTION,-1.439521588777241,-1.5046472047504627,-0.06512561597322164
169,169,1GUA,A,R,45,A,-0.693,EXPDTA X-RAY DIFFRACTION,-1.439521588777241,-1.4951625623201068,-0.05564097354286579
146,146,1GUA,A,E,49,A,0.021,EXPDTA X-RAY DIFFRACTION,-1.439521588777241,-1.4617269415604441,-0.022205352783203125
176,176,1GUA,A,V,5,A,-2.251,EXPDTA X-RAY DIFFRACTION,-1.439521588777241,-1.5381769883005243,-0.09865539952328328
152,152,1GUA,A,K,54,A,-0.327,EXPDTA X-RAY DIFFRACTION,-1.439521588777241,-1.5108986904746609,-0.07137710169741984
153,153,1GUA,A,L,57,A,-2.593,EXPDTA X-RAY DIFFRACTION,-1.439521588777241,-1.6173779337029708,-0.17785634492572977
143,143,1GUA,A,D,62,A,-0.706,EXPDTA X-RAY DIFFRACTION,-1.439521588777241,-1.48577880859375,-0.04625721981650899
133,133,1GUA,A,A,63,G,-1.963,EXPDTA X-RAY DIFFRACTION,-1.439521588777241,-1.5629020490144427,-0.12338046023720173
134,134,1GUA,A,A,63,L,-1.951,EXPDTA X-RAY DIFFRACTION,-1.439521588777241,-1.6165089858205695,-0.17698739704332844
154,154,1GUA,A,L,66,A,-2.5340000000000003,EXPDTA X-RAY DIFFRACTION,-1.439521588777241,-1.641209652549342,-0.20168806377210102
147,147,1GUA,A,E,69,A,-0.101,EXPDTA X-RAY DIFFRACTION,-1.439521588777241,-1.47548414531507,-0.03596255653782898
156,156,1GUA,A,L,7,A,-3.46,EXPDTA X-RAY DIFFRACTION,-1.439521588777241,-1.61288110833419,-0.17335951955694906
148,148,1GUA,A,E,70,A,-0.591,EXPDTA X-RAY DIFFRACTION,-1.439521588777241,-1.4615365078574734,-0.022014919080232342
155,155,1GUA,A,L,71,A,-3.405,EXPDTA X-RAY DIFFRACTION,-1.439521588777241,-1.6722084848504317,-0.2326868960731907
175,175,1GUA,A,V,73,A,-3.3680000000000003,EXPDTA X-RAY DIFFRACTION,-1.439521588777241,-1.5733185818320827,-0.13379699305484172
144,144,1GUA,A,D,74,A,-0.855,EXPDTA X-RAY DIFFRACTION,-1.439521588777241,-1.4442906630666632,-0.004769074289422193
166,166,1GUA,A,P,8,A,-1.7080000000000002,EXPDTA X-RAY DIFFRACTION,-1.439521588777241,-1.5859858864232113,-0.14646429764597024
165,165,1GUA,A,N,9,A,-1.14,EXPDTA X-RAY DIFFRACTION,-1.439521588777241,-1.4545099358809621,-0.0149883471037211
182,182,1GWY,A,A,8,D,-1.6,EXPDTA X-RAY DIFFRACTION,-1.0949317278180803,-1.0829685756138392,0.011963152204241156
183,183,1H0X,A,P,10,A,-1.936,EXPDTA X-RAY DIFFRACTION,-1.2526881185810217,-1.3129242457700578,-0.06023612718903615
184,184,1H0X,A,P,54,A,-2.5810000000000004,EXPDTA X-RAY DIFFRACTION,-1.2526881185810217,-1.327610658795646,-0.0749225402146243
185,185,1HCQ,A,C,67,A,-2.09,EXPDTA X-RAY DIFFRACTION,-1.4018562935494088,-1.5418876441749367,-0.14003135062552796
186,186,1HCQ,A,C,67,S,-1.99,EXPDTA X-RAY DIFFRACTION,-1.4018562935494088,-1.515325185414907,-0.11346889186549824
187,187,1IOJ,A,G,15,A,0.4,EXPDTA SOLUTION NMR,-2.4798757988109923,-2.4823782402172423,-0.00250244140625
188,188,1IR3,A,W,192,F,0.6,EXPDTA X-RAY DIFFRACTION,-0.9143143717447917,-0.9524812825520833,-0.03816691080729162
189,189,1ITM,A,C,25,T,-3.3,EXPDTA SOLUTION NMR,-1.543091055063101,-1.628936532827524,-0.08584547776442308
190,190,1ITM,A,C,4,T,-5.0,EXPDTA SOLUTION NMR,-1.543091055063101,-1.6000582181490384,-0.05696716308593741
191,191,1ITM,A,W,92,S,1.4,EXPDTA SOLUTION NMR,-1.543091055063101,-1.5320487389197717,0.01104231614332929
194,194,1IV7,A,L,62,C,-1.9,EXPDTA X-RAY DIFFRACTION,-1.3894119262695312,-1.5028096834818523,-0.11339775721232104
192,192,1IV7,A,A,73,C,0.5,EXPDTA X-RAY DIFFRACTION,-1.3894119262695312,-1.4505732854207356,-0.06116135915120435
193,193,1IV7,A,F,89,C,-2.5,EXPDTA X-RAY DIFFRACTION,-1.3894119262695312,-1.5556958516438801,-0.16628392537434888
195,195,1IV9,A,S,76,Y,4.299,EXPDTA X-RAY DIFFRACTION,-1.3428950309753418,-1.3575294812520344,-0.014634450276692634
198,198,1J8I,A,R,23,A,0.8,EXPDTA SOLUTION NMR,-1.9368784914734543,-1.9494307323168683,-0.012552240843413998
196,196,1J8I,A,K,25,A,0.1,EXPDTA SOLUTION NMR,-1.9368784914734543,-1.945057858702957,-0.008179367229502743
199,199,1J8I,A,R,35,A,-0.1,EXPDTA SOLUTION NMR,-1.9368784914734543,-1.9602598785072245,-0.02338138703377024
200,200,1J8I,A,R,43,A,0.7,EXPDTA SOLUTION NMR,-1.9368784914734543,-1.937547088951193,-0.0006685974777387305
197,197,1J8I,A,K,66,A,0.1,EXPDTA SOLUTION NMR,-1.9368784914734543,-1.9202536306073588,0.016624860866095492
201,201,1J8I,A,R,9,A,-0.1,EXPDTA SOLUTION NMR,-1.9368784914734543,-1.948869110435568,-0.01199061896211373
202,202,1JL9,A,A,20,C,-1.44,EXPDTA X-RAY DIFFRACTION,-1.4552192687988281,-1.5993683224632627,-0.14414905366443453
203,203,1JLV,A,E,64,D,-1.162,EXPDTA X-RAY DIFFRACTION,-0.6038289093165006,-0.6336675818991546,-0.029838672582654047
204,204,1JLV,A,E,64,N,-2.3040000000000003,EXPDTA X-RAY DIFFRACTION,-0.6038289093165006,-0.6402615164789025,-0.03643260716240193
205,205,1JLV,A,E,64,Q,-2.302,EXPDTA X-RAY DIFFRACTION,-0.6038289093165006,-0.6201835300611414,-0.01635462074464078
206,206,1L6H,A,F,39,A,-1.6969999999999998,EXPDTA SOLUTION NMR,-1.4202874225118887,-1.509275906327842,-0.08898848381595337
207,207,1L6H,A,Y,45,A,-0.55,EXPDTA SOLUTION NMR,-1.4202874225118887,-1.4571314272673235,-0.03684400475543481
208,208,1L6H,A,Y,48,A,-1.482,EXPDTA SOLUTION NMR,-1.4202874225118887,-1.3774022641389265,0.04288515837296214
209,209,1LVM,A,E,114,G,1.4,EXPDTA X-RAY DIFFRACTION,-1.3646277548444323,-1.3782852372748362,-0.013657482430403878
213,213,1LVM,A,S,143,G,0.0,EXPDTA X-RAY DIFFRACTION,-1.3646277548444323,-1.3818927081911845,-0.017264953346752154
210,210,1LVM,A,K,53,F,0.43,EXPDTA X-RAY DIFFRACTION,-1.3646277548444323,-1.4113896132556631,-0.04676185841123082
211,211,1LVM,A,L,64,V,0.0,EXPDTA X-RAY DIFFRACTION,-1.3646277548444323,-1.3718653516477892,-0.007237596803356894
212,212,1LVM,A,Q,66,F,0.6,EXPDTA X-RAY DIFFRACTION,-1.3646277548444323,-1.3906329958719978,-0.026005241027565518
214,214,1N18,A,E,100,G,-2.5,EXPDTA X-RAY DIFFRACTION,-0.8653552485447303,-0.9255487778607536,-0.060193529316023286
217,217,1N18,A,V,148,I,0.1,EXPDTA X-RAY DIFFRACTION,-0.8653552485447303,-0.8877080780228758,-0.02235282947814543
216,216,1N18,A,H,46,R,1.4,EXPDTA X-RAY DIFFRACTION,-0.8653552485447303,-0.9028676350911459,-0.03751238654641553
215,215,1N18,A,G,85,R,-1.4,EXPDTA X-RAY DIFFRACTION,-0.8653552485447303,-0.9458593231400633,-0.08050407459533293
225,225,1N88,A,V,12,A,-1.94,EXPDTA SOLUTION NMR,-1.0460132757822673,-1.0830618540445964,-0.0370485782623291
223,223,1N88,A,L,13,A,-1.52,EXPDTA SOLUTION NMR,-1.0460132757822673,-1.1036508878072102,-0.057637612024942886
233,233,1N88,A,Y,18,A,0.06,EXPDTA SOLUTION NMR,-1.0460132757822673,-1.0546589692433674,-0.008645693461100112
218,218,1N88,A,F,21,A,-1.39,EXPDTA SOLUTION NMR,-1.0460132757822673,-1.1135190327962239,-0.06750575701395656
234,234,1N88,A,Y,26,A,-4.61,EXPDTA SOLUTION NMR,-1.0460132757822673,-1.2018140157063801,-0.1558007399241128
226,226,1N88,A,V,30,A,-2.84,EXPDTA SOLUTION NMR,-1.0460132757822673,-1.1481377283732097,-0.10212445259094238
219,219,1N88,A,I,39,A,-1.39,EXPDTA SOLUTION NMR,-1.0460132757822673,-1.2387702465057373,-0.19275697072346998
227,227,1N88,A,V,43,A,-2.82,EXPDTA SOLUTION NMR,-1.0460132757822673,-1.130329688390096,-0.08431641260782863
228,228,1N88,A,V,49,A,-2.83,EXPDTA SOLUTION NMR,-1.0460132757822673,-1.1637338002522786,-0.11772052447001125
229,229,1N88,A,V,51,A,-3.24,EXPDTA SOLUTION NMR,-1.0460132757822673,-1.1453046798706055,-0.09929140408833814
230,230,1N88,A,V,54,A,-3.73,EXPDTA SOLUTION NMR,-1.0460132757822673,-1.1476506392161052,-0.10163736343383789
224,224,1N88,A,L,57,A,-1.11,EXPDTA SOLUTION NMR,-1.0460132757822673,-1.0668732325236003,-0.020859956741333008
222,222,1N88,A,I,8,V,-1.52,EXPDTA SOLUTION NMR,-1.0460132757822673,-1.0828978220621746,-0.03688454627990723
220,220,1N88,A,I,80,A,-2.79,EXPDTA SOLUTION NMR,-1.0460132757822673,-1.1187180678049724,-0.07270479202270508
231,231,1N88,A,V,81,A,-2.82,EXPDTA SOLUTION NMR,-1.0460132757822673,-1.1899393399556477,-0.14392606417338039
232,232,1N88,A,V,83,A,-3.1,EXPDTA SOLUTION NMR,-1.0460132757822673,-1.1485489209493,-0.10253564516703273
221,221,1N88,A,I,89,A,-2.35,EXPDTA SOLUTION NMR,-1.0460132757822673,-1.2178840637207031,-0.1718707879384358
235,235,1NM1,A,D,176,N,-0.88,EXPDTA X-RAY DIFFRACTION,-1.0058693519005408,-1.0075816060160543,-0.0017122541155134563
236,236,1NM1,A,D,176,Y,-1.9,EXPDTA X-RAY DIFFRACTION,-1.0058693519005408,-1.0178626762641656,-0.011993324363624769
237,237,1O1U,A,E,110,A,-3.3,EXPDTA SOLUTION NMR,-1.1327563909095104,-1.1456610011303519,-0.01290461022084144
241,241,1O1U,A,T,38,A,-1.2,EXPDTA SOLUTION NMR,-1.1327563909095104,-1.2006862370047982,-0.06792984609528774
242,242,1O1U,A,W,49,Y,-1.2,EXPDTA SOLUTION NMR,-1.1327563909095104,-1.1361267810731421,-0.00337039016363172
239,239,1O1U,A,Q,51,A,-0.3,EXPDTA SOLUTION NMR,-1.1327563909095104,-1.1970766322819266,-0.06432024137241621
238,238,1O1U,A,N,61,A,-1.2,EXPDTA SOLUTION NMR,-1.1327563909095104,-1.2242430439145546,-0.09148665300504422
240,240,1O1U,A,Q,99,A,0.3,EXPDTA SOLUTION NMR,-1.1327563909095104,-1.1652089516947588,-0.032452560785248385
259,259,1O6X,A,V,12,A,-1.1,EXPDTA SOLUTION NMR,-1.9545990743754822,-2.038207631052276,-0.0836085566767939
246,246,1O6X,A,E,14,A,-0.3,EXPDTA SOLUTION NMR,-1.9545990743754822,-1.95069659197772,0.0039024823977622525
251,251,1O6X,A,I,15,V,-0.43,EXPDTA SOLUTION NMR,-1.9545990743754822,-1.9553218888647763,-0.0007228144892941213
247,247,1O6X,A,E,20,G,-1.42,EXPDTA SOLUTION NMR,-1.9545990743754822,-1.9894710587866513,-0.03487198441116912
252,252,1O6X,A,I,23,V,0.42,EXPDTA SOLUTION NMR,-1.9545990743754822,-2.0005675892771024,-0.04596851490162024
256,256,1O6X,A,L,26,V,-0.97,EXPDTA SOLUTION NMR,-1.9545990743754822,-1.9821669967086226,-0.027567922333140427
243,243,1O6X,A,A,31,G,-1.2,EXPDTA SOLUTION NMR,-1.9545990743754822,-1.9609640615957755,-0.006364987220293328
245,245,1O6X,A,D,38,A,0.36,EXPDTA SOLUTION NMR,-1.9545990743754822,-1.9777408175998263,-0.023141743224344147
248,248,1O6X,A,F,39,L,-1.88,EXPDTA SOLUTION NMR,-1.9545990743754822,-1.9687857922212577,-0.01418671784577552
255,255,1O6X,A,K,41,A,-1.98,EXPDTA SOLUTION NMR,-1.9545990743754822,-1.9812936665099343,-0.026694592134452133
244,244,1O6X,A,A,50,G,-1.4,EXPDTA SOLUTION NMR,-1.9545990743754822,-1.9816480095003859,-0.027048935124903695
250,250,1O6X,A,H,51,A,-0.61,EXPDTA SOLUTION NMR,-1.9545990743754822,-1.9732042477454668,-0.018605173369984573
260,260,1O6X,A,V,52,A,-1.08,EXPDTA SOLUTION NMR,-1.9545990743754822,-2.0061839539327737,-0.05158487955729152
257,257,1O6X,A,N,58,A,-0.08,EXPDTA SOLUTION NMR,-1.9545990743754822,-1.9699989601417824,-0.015399885766300248
258,258,1O6X,A,Q,60,G,-0.49,EXPDTA SOLUTION NMR,-1.9545990743754822,-1.9554995313102816,-0.000900456934799454
261,261,1O6X,A,V,64,G,-1.1,EXPDTA SOLUTION NMR,-1.9545990743754822,-1.9792382511091822,-0.024639176733699975
249,249,1O6X,A,F,65,A,-0.98,EXPDTA SOLUTION NMR,-1.9545990743754822,-2.015734448845004,-0.061135374469521775
253,253,1O6X,A,I,71,V,-1.31,EXPDTA SOLUTION NMR,-1.9545990743754822,-1.9992653175636574,-0.04466624318817525
262,262,1O6X,A,Y,73,L,-2.78,EXPDTA SOLUTION NMR,-1.9545990743754822,-2.056078498746142,-0.10147942437065982
254,254,1O6X,A,I,75,A,-1.31,EXPDTA SOLUTION NMR,-1.9545990743754822,-1.987558435510706,-0.03295936113522391
263,263,1OSI,A,I,11,V,-0.05,EXPDTA X-RAY DIFFRACTION,-0.5435231526692709,-0.5518095596976902,-0.008286407028419318
265,265,1OSI,A,V,126,M,-2.25,EXPDTA X-RAY DIFFRACTION,-0.5435231526692709,-0.5749141969542573,-0.0313910442849864
266,266,1OSI,A,V,15,I,-0.78,EXPDTA X-RAY DIFFRACTION,-0.5435231526692709,-0.5489620927451313,-0.005438940075860432
264,264,1OSI,A,S,92,F,0.39,EXPDTA X-RAY DIFFRACTION,-0.5435231526692709,-0.5587070630944293,-0.015183910425158431
271,271,1PFL,A,T,108,M,0.07,EXPDTA SOLUTION NMR,-1.0534642720393996,-1.0526709247836106,0.0007933472557890564
269,269,1PFL,A,M,113,T,-3.53,EXPDTA SOLUTION NMR,-1.0534642720393996,-1.10484346897482,-0.05137919693542048
268,268,1PFL,A,G,117,V,-1.96,EXPDTA SOLUTION NMR,-1.0534642720393996,-1.1753867169935925,-0.12192244495419291
270,270,1PFL,A,Q,138,L,1.82,EXPDTA SOLUTION NMR,-1.0534642720393996,-1.0633345130536196,-0.00987024101421996
267,267,1PFL,A,A,20,T,-1.53,EXPDTA SOLUTION NMR,-1.0534642720393996,-1.142015964864827,-0.0885516928254273
272,272,1PRE,A,C,158,S,-2.4,EXPDTA X-RAY DIFFRACTION,-1.1714632505828926,-1.2003483761657852,-0.02888512558289258
278,278,1PRG,A,R,151,A,0.19,EXPDTA X-RAY DIFFRACTION,-1.3005728262442129,-1.3064667878327547,-0.0058939615885418295
274,274,1PRG,A,F,154,L,-0.4,EXPDTA X-RAY DIFFRACTION,-1.3005728262442129,-1.3404452853732638,-0.03987245912905091
273,273,1PRG,A,E,254,K,-0.17,EXPDTA X-RAY DIFFRACTION,-1.3005728262442129,-1.3150691279658564,-0.014496301721643512
275,275,1PRG,A,P,261,L,0.11,EXPDTA X-RAY DIFFRACTION,-1.3005728262442129,-1.3236418547453703,-0.02306902850115744
276,276,1PRG,A,Q,80,P,-0.3,EXPDTA X-RAY DIFFRACTION,-1.3005728262442129,-1.354116369176794,-0.05354354293258101
277,277,1PRG,A,R,82,H,0.06,EXPDTA X-RAY DIFFRACTION,-1.3005728262442129,-1.3051800763165509,-0.004607250072337976
279,279,1PRG,A,V,84,M,0.03,EXPDTA X-RAY DIFFRACTION,-1.3005728262442129,-1.3225481951678242,-0.021975368923611294
280,280,1R2Y,A,R,243,E,-4.2,EXPDTA X-RAY DIFFRACTION,-0.8350236494462568,-0.8638566125443566,-0.028832963098099795
282,282,1R6R,A,L,30,S,-2.81,EXPDTA SOLUTION NMR,-2.600028228759766,-2.618839454650879,-0.01881122589111328
283,283,1R6R,A,L,34,S,-0.24,EXPDTA SOLUTION NMR,-2.600028228759766,-2.605897903442383,-0.00586967468261701
284,284,1R6R,A,L,61,N,-6.84,EXPDTA SOLUTION NMR,-2.600028228759766,-2.6529300689697264,-0.05290184020996058
281,281,1R6R,A,I,68,N,-0.13,EXPDTA SOLUTION NMR,-2.600028228759766,-2.662911605834961,-0.06288337707519531
285,285,1SPD,A,C,111,S,0.8,EXPDTA X-RAY DIFFRACTION,-0.8882143107894199,-0.8704106947954964,0.01780361599392355
286,286,1SPD,A,C,6,A,0.1,EXPDTA X-RAY DIFFRACTION,-0.8882143107894199,-0.9119432237413194,-0.023728912951899495
292,292,1X0J,A,R,27,L,-5.22,EXPDTA X-RAY DIFFRACTION,-1.646266758998978,-1.6659287782472985,-0.01966201924832056
291,291,1X0J,A,E,65,K,-3.48,EXPDTA X-RAY DIFFRACTION,-1.646266758998978,-1.704701361255111,-0.05843460225613306
293,293,1X0J,A,Y,76,H,-6.49,EXPDTA X-RAY DIFFRACTION,-1.646266758998978,-1.673689940265406,-0.027423181266428065
287,287,1X0J,A,D,83,N,-4.1,EXPDTA X-RAY DIFFRACTION,-1.646266758998978,-1.646511612651504,-0.00024485365252613356
288,288,1X0J,A,D,83,Y,-4.02,EXPDTA X-RAY DIFFRACTION,-1.646266758998978,-1.6602385333765333,-0.013971774377555368
289,289,1X0J,A,D,84,N,-2.21,EXPDTA X-RAY DIFFRACTION,-1.646266758998978,-1.6487441018363025,-0.002477342837324592
290,290,1X0J,A,D,84,Y,-3.38,EXPDTA X-RAY DIFFRACTION,-1.646266758998978,-1.6479326765113902,-0.001665917512412296
295,295,1XWS,A,E,103,K,-4.59,EXPDTA X-RAY DIFFRACTION,-0.9014855688744849,-0.9013951340001145,9.043487437043751e-05
296,296,1XWS,A,E,110,D,-3.22,EXPDTA X-RAY DIFFRACTION,-0.9014855688744849,-0.9036700350024325,-0.0021844661279475375
297,297,1XWS,A,Y,21,H,-3.3,EXPDTA X-RAY DIFFRACTION,-0.9014855688744849,-0.9087201352521177,-0.007234566377632756
294,294,1XWS,A,E,92,Q,-2.9,EXPDTA X-RAY DIFFRACTION,-0.9014855688744849,-0.9053053524031307,-0.0038197835286457593
298,298,1XXN,A,N,181,R,0.358,EXPDTA X-RAY DIFFRACTION,-0.6221405441696579,-0.6468792064769848,-0.02473866230732691
301,301,1XXN,A,S,22,E,0.239,EXPDTA X-RAY DIFFRACTION,-0.6221405441696579,-0.6479872420027449,-0.025846697833087018
302,302,1XXN,A,S,27,E,-0.645,EXPDTA X-RAY DIFFRACTION,-0.6221405441696579,-0.6799086699614654,-0.057768125791807456
299,299,1XXN,A,N,32,D,-0.86,EXPDTA X-RAY DIFFRACTION,-0.6221405441696579,-0.6453134072793497,-0.0231728631096918
300,300,1XXN,A,N,54,E,-0.645,EXPDTA X-RAY DIFFRACTION,-0.6221405441696579,-0.6559890334670608,-0.03384848929740292
305,305,1XZO,A,W,34,A,-8.93,EXPDTA X-RAY DIFFRACTION,-0.8697146038676418,-0.9453460338503815,-0.07563142998273975
306,306,1XZO,A,W,34,F,-4.25,EXPDTA X-RAY DIFFRACTION,-0.8697146038676418,-0.8550181721532067,0.014696431714435021
303,303,1XZO,A,F,40,W,2.87,EXPDTA X-RAY DIFFRACTION,-0.8697146038676418,-0.9120345004769259,-0.04231989660928415
304,304,1XZO,A,W,99,F,-2.89,EXPDTA X-RAY DIFFRACTION,-0.8697146038676418,-0.9002272140148074,-0.030512610147165664
307,307,2ARF,A,H,38,Q,-0.7170000000000001,EXPDTA SOLUTION NMR,-1.891342070608428,-1.9142256303267045,-0.02288355971827638
308,308,2BJD,A,V,73,D,-4.493,EXPDTA X-RAY DIFFRACTION,-0.8402310689290364,-1.0489674038357204,-0.20873633490668397
309,309,2BJD,A,V,73,P,-4.517,EXPDTA X-RAY DIFFRACTION,-0.8402310689290364,-1.0459493001302083,-0.20571823120117183
310,310,2BJD,A,Y,75,E,-2.103,EXPDTA X-RAY DIFFRACTION,-0.8402310689290364,-0.9279510498046875,-0.08771998087565103
311,311,2C9Q,A,Y,79,F,-0.012,EXPDTA X-RAY DIFFRACTION,-0.9907281165029488,-1.0585360807531021,-0.06780796425015334
312,312,2C9Q,A,Y,79,W,-1.233,EXPDTA X-RAY DIFFRACTION,-0.9907281165029488,-1.115453607895795,-0.12472549139284628
313,313,2CLR,A,H,14,F,0.12,EXPDTA X-RAY DIFFRACTION,-1.2405421447753906,-1.2249352264404296,0.015606918334960973
314,314,2CLR,A,H,32,F,2.605,EXPDTA X-RAY DIFFRACTION,-1.2405421447753906,-1.2286965942382813,0.01184555053710934
315,315,2CLR,A,H,52,F,-1.912,EXPDTA X-RAY DIFFRACTION,-1.2405421447753906,-1.2758935546875,-0.0353514099121095
316,316,2CLR,A,H,85,A,-2.629,EXPDTA X-RAY DIFFRACTION,-1.2405421447753906,-1.36376953125,-0.1232273864746094
317,317,2DVV,A,Q,100,H,0.89,EXPDTA X-RAY DIFFRACTION,-0.9708990369524274,-1.0084304809570312,-0.03753144400460384
318,318,2DVV,A,R,76,W,-0.02,EXPDTA X-RAY DIFFRACTION,-0.9708990369524274,-1.0433545793805803,-0.07245554242815289
319,319,2H3F,A,E,11,A,1.07,EXPDTA SOLUTION NMR,-1.6329898979827648,-1.683863865510198,-0.05087396752743323
361,361,2HBB,A,M,1,A,-1.46,EXPDTA X-RAY DIFFRACTION,-0.7283907871620328,-0.7979853012982536,-0.06959451413622086
345,345,2HBB,A,K,10,E,0.13,EXPDTA X-RAY DIFFRACTION,-0.7283907871620328,-0.7690974216835171,-0.040706634521484375
346,346,2HBB,A,K,10,M,0.47,EXPDTA X-RAY DIFFRACTION,-0.7283907871620328,-0.8799768335678998,-0.15158604640586704
347,347,2HBB,A,K,12,A,0.61,EXPDTA X-RAY DIFFRACTION,-0.7283907871620328,-0.7570550207998238,-0.028664233637791026
348,348,2HBB,A,K,12,G,0.03,EXPDTA X-RAY DIFFRACTION,-0.7283907871620328,-0.9190664852366728,-0.19067569807464002
349,349,2HBB,A,K,12,M,1.8,EXPDTA X-RAY DIFFRACTION,-0.7283907871620328,-0.720793929754519,0.007596857407513813
350,350,2HBB,A,K,14,A,-0.73,EXPDTA X-RAY DIFFRACTION,-0.7283907871620328,-0.8015842811734069,-0.0731934940113741
351,351,2HBB,A,K,14,G,-1.3,EXPDTA X-RAY DIFFRACTION,-0.7283907871620328,-0.8577559976016774,-0.12936521043964466
352,352,2HBB,A,K,14,M,-0.34,EXPDTA X-RAY DIFFRACTION,-0.7283907871620328,-0.835762622309666,-0.10737183514763327
353,353,2HBB,A,K,15,G,-1.74,EXPDTA X-RAY DIFFRACTION,-0.7283907871620328,-0.8982324039234835,-0.1698416167614507
354,354,2HBB,A,K,15,M,-0.44,EXPDTA X-RAY DIFFRACTION,-0.7283907871620328,-0.8549574309704351,-0.12656664380840232
331,331,2HBB,A,E,17,A,-1.69,EXPDTA X-RAY DIFFRACTION,-0.7283907871620328,-0.8679956174364277,-0.13960483027439496
332,332,2HBB,A,E,17,Q,-0.33,EXPDTA X-RAY DIFFRACTION,-0.7283907871620328,-0.7753832199994255,-0.04699243283739274
340,340,2HBB,A,I,18,A,-2.05,EXPDTA X-RAY DIFFRACTION,-0.7283907871620328,-0.9004033406575521,-0.17201255349551936
341,341,2HBB,A,I,18,V,-0.07,EXPDTA X-RAY DIFFRACTION,-0.7283907871620328,-0.7038996827368643,0.024491104425168442
363,363,2HBB,A,V,21,A,-2.33,EXPDTA X-RAY DIFFRACTION,-0.7283907871620328,-0.9299303690592448,-0.201539581897212
320,320,2HBB,A,A,22,G,-0.32,EXPDTA X-RAY DIFFRACTION,-0.7283907871620328,-0.790134355133655,-0.06174356797162228
327,327,2HBB,A,D,23,A,-0.03,EXPDTA X-RAY DIFFRACTION,-0.7283907871620328,-0.6836636861165365,0.044727101045496265
328,328,2HBB,A,D,23,N,-0.79,EXPDTA X-RAY DIFFRACTION,-0.7283907871620328,-0.7275561164407169,0.0008346707213158222
338,338,2HBB,A,G,24,A,0.02,EXPDTA X-RAY DIFFRACTION,-0.7283907871620328,-0.8262494405110677,-0.09785865334903499
321,321,2HBB,A,A,26,G,-1.79,EXPDTA X-RAY DIFFRACTION,-0.7283907871620328,-0.766147164737477,-0.037756377575444255
364,364,2HBB,A,V,3,A,-2.55,EXPDTA X-RAY DIFFRACTION,-0.7283907871620328,-0.811454174565334,-0.08306338740330121
356,356,2HBB,A,L,30,A,-2.76,EXPDTA X-RAY DIFFRACTION,-0.7283907871620328,-1.0192506827560126,-0.29085989559397984
336,336,2HBB,A,F,31,A,-2.84,EXPDTA X-RAY DIFFRACTION,-0.7283907871620328,-0.8295345680386412,-0.10114378087660847
339,339,2HBB,A,G,34,A,-1.02,EXPDTA X-RAY DIFFRACTION,-0.7283907871620328,-0.8573191773657706,-0.1289283902037378
357,357,2HBB,A,L,35,A,-1.21,EXPDTA X-RAY DIFFRACTION,-0.7283907871620328,-0.9125009424546185,-0.1841101552925858
322,322,2HBB,A,A,36,G,-1.55,EXPDTA X-RAY DIFFRACTION,-0.7283907871620328,-0.9111211440142464,-0.18273035685221362
342,342,2HBB,A,I,37,A,-1.28,EXPDTA X-RAY DIFFRACTION,-0.7283907871620328,-0.8855797262752757,-0.15718893911324294
343,343,2HBB,A,I,37,V,0.09,EXPDTA X-RAY DIFFRACTION,-0.7283907871620328,-0.7428996516209022,-0.014508864458869453
333,333,2HBB,A,E,38,A,-0.41,EXPDTA X-RAY DIFFRACTION,-0.7283907871620328,-0.7279530693502987,0.000437717811734073
334,334,2HBB,A,E,38,Q,-0.68,EXPDTA X-RAY DIFFRACTION,-0.7283907871620328,-0.7534712997137332,-0.025080512551700407
323,323,2HBB,A,A,39,G,-1.59,EXPDTA X-RAY DIFFRACTION,-0.7283907871620328,-0.8763797984403723,-0.14798901127833952
344,344,2HBB,A,I,4,V,-0.59,EXPDTA X-RAY DIFFRACTION,-0.7283907871620328,-0.8259390288708257,-0.09754824170879295
362,362,2HBB,A,T,40,S,-0.8,EXPDTA X-RAY DIFFRACTION,-0.7283907871620328,-0.7899040521359911,-0.06151326497395837
324,324,2HBB,A,A,42,G,-0.33,EXPDTA X-RAY DIFFRACTION,-0.7283907871620328,-0.7782620448692172,-0.04987125770718448
358,358,2HBB,A,L,44,A,-1.73,EXPDTA X-RAY DIFFRACTION,-0.7283907871620328,-0.88592529296875,-0.15753450580671724
325,325,2HBB,A,A,46,G,-0.55,EXPDTA X-RAY DIFFRACTION,-0.7283907871620328,-0.839865665809781,-0.11147487864774819
359,359,2HBB,A,L,47,A,-0.84,EXPDTA X-RAY DIFFRACTION,-0.7283907871620328,-0.9017960043514476,-0.17340521718941482
335,335,2HBB,A,E,48,Q,0.07,EXPDTA X-RAY DIFFRACTION,-0.7283907871620328,-0.7855036866431143,-0.05711289948108156
326,326,2HBB,A,A,49,G,-0.22,EXPDTA X-RAY DIFFRACTION,-0.7283907871620328,-0.8082098119399127,-0.07981902477787994
337,337,2HBB,A,F,5,L,-1.15,EXPDTA X-RAY DIFFRACTION,-0.7283907871620328,-0.8444093442430683,-0.11601855708103559
360,360,2HBB,A,L,6,A,-3.1,EXPDTA X-RAY DIFFRACTION,-0.7283907871620328,-0.8783864040000766,-0.14999561683804385
355,355,2HBB,A,K,7,M,0.21,EXPDTA X-RAY DIFFRACTION,-0.7283907871620328,-0.8792122485590916,-0.15082146139705888
329,329,2HBB,A,D,8,A,-1.3,EXPDTA X-RAY DIFFRACTION,-0.7283907871620328,-0.8905151965571385,-0.16212440939510575
330,330,2HBB,A,D,8,N,-0.38,EXPDTA X-RAY DIFFRACTION,-0.7283907871620328,-0.7498228783700981,-0.02143209120806533
365,365,2HBB,A,V,9,A,-1.81,EXPDTA X-RAY DIFFRACTION,-0.7283907871620328,-0.9133139965580959,-0.1849232093960631
376,376,2JIE,A,H,101,R,1.536,EXPDTA X-RAY DIFFRACTION,-0.8337388627984551,-0.8279826303546348,0.005756232443820286
405,405,2JIE,A,W,120,F,2.19,EXPDTA X-RAY DIFFRACTION,-0.8337388627984551,-0.8391350563992275,-0.00539619360077237
406,406,2JIE,A,W,120,H,1.06,EXPDTA X-RAY DIFFRACTION,-0.8337388627984551,-0.8423243833391854,-0.008585520540730252
398,398,2JIE,A,S,14,A,-1.246,EXPDTA X-RAY DIFFRACTION,-0.8337388627984551,-0.8286168473490169,0.005122015449438244
402,402,2JIE,A,T,15,A,-0.994,EXPDTA X-RAY DIFFRACTION,-0.8337388627984551,-0.8551347711113062,-0.021395908312851097
368,368,2JIE,A,E,154,D,-2.075,EXPDTA X-RAY DIFFRACTION,-0.8337388627984551,-0.8321592180916433,0.0015796447068118225
399,399,2JIE,A,S,16,A,0.951,EXPDTA X-RAY DIFFRACTION,-0.8337388627984551,-0.8317779883909762,0.001960874407478941
383,383,2JIE,A,N,163,A,-3.397,EXPDTA X-RAY DIFFRACTION,-0.8337388627984551,-0.8543165571234199,-0.020577694324964813
384,384,2JIE,A,N,163,C,-2.964,EXPDTA X-RAY DIFFRACTION,-0.8337388627984551,-0.8527175046084972,-0.018978641810042052
369,369,2JIE,A,E,164,A,4.247,EXPDTA X-RAY DIFFRACTION,-0.8337388627984551,-0.8503619590502107,-0.01662309625175562
366,366,2JIE,A,C,167,A,2.997,EXPDTA X-RAY DIFFRACTION,-0.8337388627984551,-0.8390911659497893,-0.00535230315133417
367,367,2JIE,A,C,167,Q,2.5810000000000004,EXPDTA X-RAY DIFFRACTION,-0.8337388627984551,-0.8431875164589185,-0.009448653660463435
379,379,2JIE,A,L,171,A,-0.79,EXPDTA X-RAY DIFFRACTION,-0.8337388627984551,-0.8418809526422051,-0.008142089843749978
380,380,2JIE,A,L,171,R,0.336,EXPDTA X-RAY DIFFRACTION,-0.8337388627984551,-0.8419795689957865,-0.008240706197331416
414,414,2JIE,A,Y,18,A,-3.443,EXPDTA X-RAY DIFFRACTION,-0.8337388627984551,-0.8495460081636236,-0.015807145365168473
394,394,2JIE,A,Q,19,S,-0.209,EXPDTA X-RAY DIFFRACTION,-0.8337388627984551,-0.8560265701808286,-0.02228770738237351
403,403,2JIE,A,T,218,A,3.189,EXPDTA X-RAY DIFFRACTION,-0.8337388627984551,-0.8422942086551967,-0.008555345856741559
385,385,2JIE,A,N,220,A,-0.6709999999999999,EXPDTA X-RAY DIFFRACTION,-0.8337388627984551,-0.8361140219013342,-0.0023751591028791097
386,386,2JIE,A,N,220,G,3.462,EXPDTA X-RAY DIFFRACTION,-0.8337388627984551,-0.8462252841906601,-0.012486421392205016
387,387,2JIE,A,N,220,H,2.583,EXPDTA X-RAY DIFFRACTION,-0.8337388627984551,-0.8432974483189958,-0.009558585520540674
388,388,2JIE,A,N,220,R,3.976,EXPDTA X-RAY DIFFRACTION,-0.8337388627984551,-0.8484054736876756,-0.0146666108892205
389,389,2JIE,A,N,220,Y,5.73,EXPDTA X-RAY DIFFRACTION,-0.8337388627984551,-0.8481536522340238,-0.014414789435568731
381,381,2JIE,A,M,221,A,-4.098,EXPDTA X-RAY DIFFRACTION,-0.8337388627984551,-0.8405214459708568,-0.006782583172401657
370,370,2JIE,A,E,222,A,-4.36,EXPDTA X-RAY DIFFRACTION,-0.8337388627984551,-0.8310657972700141,0.002673065528441043
371,371,2JIE,A,E,222,H,-1.515,EXPDTA X-RAY DIFFRACTION,-0.8337388627984551,-0.8290964190879565,0.0046424437104986005
395,395,2JIE,A,R,240,A,-0.166,EXPDTA X-RAY DIFFRACTION,-0.8337388627984551,-0.8339365069785815,-0.0001976441801263551
396,396,2JIE,A,R,240,D,0.213,EXPDTA X-RAY DIFFRACTION,-0.8337388627984551,-0.8414288124341643,-0.007689949635709237
397,397,2JIE,A,R,240,K,-1.463,EXPDTA X-RAY DIFFRACTION,-0.8337388627984551,-0.8352903901860955,-0.0015515273876404168
377,377,2JIE,A,I,244,E,1.241,EXPDTA X-RAY DIFFRACTION,-0.8337388627984551,-0.8375619266810043,-0.0038230638825491603
378,378,2JIE,A,I,244,N,0.974,EXPDTA X-RAY DIFFRACTION,-0.8337388627984551,-0.8391700316011236,-0.0054311688026684735
390,390,2JIE,A,N,293,A,-2.25,EXPDTA X-RAY DIFFRACTION,-0.8337388627984551,-0.843504762113764,-0.009765899315308912
391,391,2JIE,A,N,293,C,-0.017,EXPDTA X-RAY DIFFRACTION,-0.8337388627984551,-0.8534146083874649,-0.019675745589009752
415,415,2JIE,A,Y,294,A,1.072,EXPDTA X-RAY DIFFRACTION,-0.8337388627984551,-0.8662166981214887,-0.03247783532303361
416,416,2JIE,A,Y,294,F,-1.853,EXPDTA X-RAY DIFFRACTION,-0.8337388627984551,-0.8449425172270014,-0.011203654428546317
382,382,2JIE,A,M,323,A,-1.298,EXPDTA X-RAY DIFFRACTION,-0.8337388627984551,-0.8473045091950492,-0.013565646396594078
407,407,2JIE,A,W,325,A,-1.159,EXPDTA X-RAY DIFFRACTION,-0.8337388627984551,-0.8623867763562149,-0.028647913557759752
408,408,2JIE,A,W,325,C,-2.664,EXPDTA X-RAY DIFFRACTION,-0.8337388627984551,-0.8626228246795997,-0.028883961881144615
409,409,2JIE,A,W,325,H,-2.573,EXPDTA X-RAY DIFFRACTION,-0.8337388627984551,-0.8565555872542134,-0.02281672445575833
410,410,2JIE,A,W,325,R,-0.95,EXPDTA X-RAY DIFFRACTION,-0.8337388627984551,-0.8600622284278441,-0.026323365629388973
400,400,2JIE,A,S,331,A,-1.454,EXPDTA X-RAY DIFFRACTION,-0.8337388627984551,-0.8380861432364818,-0.004347280438026679
404,404,2JIE,A,T,352,A,-2.9610000000000003,EXPDTA X-RAY DIFFRACTION,-0.8337388627984551,-0.8543747805477528,-0.02063591774929774
411,411,2JIE,A,W,399,C,-0.36,EXPDTA X-RAY DIFFRACTION,-0.8337388627984551,-0.8614303074525983,-0.027691444654143194
412,412,2JIE,A,W,399,R,2.615,EXPDTA X-RAY DIFFRACTION,-0.8337388627984551,-0.866577422752809,-0.03283855995435392
401,401,2JIE,A,S,400,A,0.92,EXPDTA X-RAY DIFFRACTION,-0.8337388627984551,-0.8431700974367977,-0.009431234638342612
392,392,2JIE,A,N,404,A,0.464,EXPDTA X-RAY DIFFRACTION,-0.8337388627984551,-0.8554441987798455,-0.02170533598139035
393,393,2JIE,A,N,404,C,0.143,EXPDTA X-RAY DIFFRACTION,-0.8337388627984551,-0.8508333699087078,-0.017094507110252732
372,372,2JIE,A,E,406,A,0.825,EXPDTA X-RAY DIFFRACTION,-0.8337388627984551,-0.8518159673455056,-0.01807710454705047
373,373,2JIE,A,E,406,D,-0.909,EXPDTA X-RAY DIFFRACTION,-0.8337388627984551,-0.8561521380135183,-0.0224132752150632
413,413,2JIE,A,W,409,Y,0.599,EXPDTA X-RAY DIFFRACTION,-0.8337388627984551,-0.8287761559647121,0.0049627068337430025
375,375,2JIE,A,F,415,A,-0.165,EXPDTA X-RAY DIFFRACTION,-0.8337388627984551,-0.8610350190923455,-0.027296156293890372
374,374,2JIE,A,E,423,S,0.87,EXPDTA X-RAY DIFFRACTION,-0.8337388627984551,-0.8403849741046349,-0.006646111306179758
419,419,2JUC,A,R,14,A,-1.75,EXPDTA SOLUTION NMR,-1.693140896883878,-1.8051853526722301,-0.1120444557883522
417,417,2JUC,A,C,53,D,-2.54,EXPDTA SOLUTION NMR,-1.693140896883878,-1.8803773359818892,-0.18723643909801124
418,418,2JUC,A,C,53,S,-0.71,EXPDTA SOLUTION NMR,-1.693140896883878,-1.7466402920809658,-0.05349939519708791
423,423,2KJ3,A,K,13,A,1.5,EXPDTA SOLID-STATE NMR,-1.4373947336703916,-1.4499649820448477,-0.012570248374456083
426,426,2KJ3,A,V,23,A,1.0,EXPDTA SOLID-STATE NMR,-1.4373947336703916,-1.5064429753943334,-0.06904824172394175
424,424,2KJ3,A,L,25,A,1.0,EXPDTA SOLID-STATE NMR,-1.4373947336703916,-1.5442444040805479,-0.10684967041015625
427,427,2KJ3,A,V,48,A,1.0,EXPDTA SOLID-STATE NMR,-1.4373947336703916,-1.4663898130006428,-0.02899507933025114
428,428,2KJ3,A,V,51,A,0.2,EXPDTA SOLID-STATE NMR,-1.4373947336703916,-1.5248544427412976,-0.08745970907090594
421,421,2KJ3,A,E,56,A,1.9,EXPDTA SOLID-STATE NMR,-1.4373947336703916,-1.4609972796862638,-0.023602546015872194
425,425,2KJ3,A,S,57,A,1.4,EXPDTA SOLID-STATE NMR,-1.4373947336703916,-1.4273853543438488,0.010009379326542778
422,422,2KJ3,A,G,62,A,-0.8,EXPDTA SOLID-STATE NMR,-1.4373947336703916,-1.5916304769395273,-0.1542357432691357
420,420,2KJ3,A,D,72,A,1.2,EXPDTA SOLID-STATE NMR,-1.4373947336703916,-1.4535705952704707,-0.01617586160007911
430,430,2KS4,A,E,2,A,-0.23,EXPDTA SOLUTION NMR,-1.006477182561701,-1.0108264576305042,-0.004349275068803227
429,429,2KS4,A,D,9,A,1.26,EXPDTA SOLUTION NMR,-1.006477182561701,-1.0235621712424539,-0.01708498868075292
433,433,2LTB,A,M,120,K,-3.34,EXPDTA SOLUTION NMR,-1.295907027633102,-1.2905333342375578,0.005373693395544166
434,434,2LTB,A,R,34,Q,-1.1,EXPDTA SOLUTION NMR,-1.295907027633102,-1.296079734519676,-0.00017270688657400335
435,435,2LTB,A,R,56,Q,-0.36,EXPDTA SOLUTION NMR,-1.295907027633102,-1.333054832175926,-0.03714780454282396
436,436,2LTB,A,R,56,W,1.79,EXPDTA SOLUTION NMR,-1.295907027633102,-1.3754188820167823,-0.07951185438368036
431,431,2LTB,A,L,59,P,-1.57,EXPDTA SOLUTION NMR,-1.295907027633102,-1.4437038845486112,-0.14779685691550926
432,432,2LTB,A,L,70,R,-3.11,EXPDTA SOLUTION NMR,-1.295907027633102,-1.4389368127893518,-0.14302978515624987
437,437,2M5S,A,D,81,A,-4.0,EXPDTA SOLUTION NMR,-1.1981906275595389,-1.3120304230720765,-0.11383979551253764
438,438,2M5S,A,H,84,A,-2.0,EXPDTA SOLUTION NMR,-1.1981906275595389,-1.257021750173261,-0.05883112261372214
440,440,2MPC,A,R,39,A,0.62,EXPDTA SOLUTION NMR,-1.3950810750325522,-1.4000722249348958,-0.004991149902343617
441,441,2MPC,A,R,39,W,2.08,EXPDTA SOLUTION NMR,-1.3950810750325522,-1.4292961968315971,-0.034215121799044956
439,439,2MPC,A,A,86,T,-0.24,EXPDTA SOLUTION NMR,-1.3950810750325522,-1.465616183810764,-0.07053510877821179
442,442,2N7Z,A,P,88,A,-0.6,EXPDTA SOLUTION NMR,-1.9080250578106575,-1.9581293070091392,-0.050104249198481776
443,443,2NTE,A,I,171,V,-2.0,EXPDTA X-RAY DIFFRACTION,-1.056974647158668,-1.0615099225725446,-0.004535275413876549
444,444,2NTE,A,R,91,C,-2.3,EXPDTA X-RAY DIFFRACTION,-1.056974647158668,-1.0784325009300595,-0.021457853771391422
445,445,2OUO,A,A,72,D,0.44,EXPDTA X-RAY DIFFRACTION,-1.0332225077861064,-1.0249530001803562,0.008269507605750182
456,456,2PR5,A,T,10,M,0.5,EXPDTA X-RAY DIFFRACTION,-1.1470930444912648,-1.2201983834814838,-0.07310533899021898
459,459,2PR5,A,V,100,I,1.4,EXPDTA X-RAY DIFFRACTION,-1.1470930444912648,-1.1508834718719243,-0.003790427380659489
454,454,2PR5,A,N,104,F,1.1,EXPDTA X-RAY DIFFRACTION,-1.1470930444912648,-1.1746873029573697,-0.02759425846610486
455,455,2PR5,A,N,104,Y,2.6,EXPDTA X-RAY DIFFRACTION,-1.1470930444912648,-1.171540267824188,-0.02444722333292315
446,446,2PR5,A,A,13,Y,0.5,EXPDTA X-RAY DIFFRACTION,-1.1470930444912648,-1.1690814401221088,-0.021988395630843982
449,449,2PR5,A,H,2,K,0.3,EXPDTA X-RAY DIFFRACTION,-1.1470930444912648,-1.1352725291815329,0.011820515309731938
450,450,2PR5,A,H,2,W,1.2,EXPDTA X-RAY DIFFRACTION,-1.1470930444912648,-1.167539581539124,-0.02044653704785926
457,457,2PR5,A,T,30,M,-0.5,EXPDTA X-RAY DIFFRACTION,-1.1470930444912648,-1.265529001791646,-0.11843595730038126
458,458,2PR5,A,T,34,Y,0.2,EXPDTA X-RAY DIFFRACTION,-1.1470930444912648,-1.177986205093504,-0.030893160602239123
460,460,2PR5,A,V,5,I,0.4,EXPDTA X-RAY DIFFRACTION,-1.1470930444912648,-1.1484039787232407,-0.0013109342319759243
447,447,2PR5,A,A,61,M,-0.4,EXPDTA X-RAY DIFFRACTION,-1.1470930444912648,-1.2488148606668308,-0.10172181617556597
461,461,2PR5,A,V,68,L,-0.2,EXPDTA X-RAY DIFFRACTION,-1.1470930444912648,-1.2271961602639025,-0.08010311577263773
462,462,2PR5,A,V,70,I,-0.7,EXPDTA X-RAY DIFFRACTION,-1.1470930444912648,-1.184255164439284,-0.03716211994801921
452,452,2PR5,A,N,87,F,0.9,EXPDTA X-RAY DIFFRACTION,-1.1470930444912648,-1.1763718972994586,-0.029278852808193756
453,453,2PR5,A,N,87,Y,0.8,EXPDTA X-RAY DIFFRACTION,-1.1470930444912648,-1.17362579585999,-0.026532751368725238
448,448,2PR5,A,D,89,E,0.3,EXPDTA X-RAY DIFFRACTION,-1.1470930444912648,-1.144975196658157,0.0021178478331078665
451,451,2PR5,A,M,91,F,2.9,EXPDTA X-RAY DIFFRACTION,-1.1470930444912648,-1.1753554456815944,-0.028262401190329633
524,524,2PTL,A,V,18,A,-1.22,EXPDTA SOLUTION NMR,-1.3650218278933794,-1.4524952815129206,-0.08747345361954117
516,516,2PTL,A,T,19,A,-1.63,EXPDTA SOLUTION NMR,-1.3650218278933794,-1.4330176329001403,-0.06799580500676083
493,493,2PTL,A,I,20,A,-4.9,EXPDTA SOLUTION NMR,-1.3650218278933794,-1.5691987062111878,-0.2041768783178084
494,494,2PTL,A,I,20,V,-0.56,EXPDTA SOLUTION NMR,-1.3650218278933794,-1.3830461746607072,-0.01802434676732778
499,499,2PTL,A,K,21,A,-0.92,EXPDTA SOLUTION NMR,-1.3650218278933794,-1.3985121311285558,-0.03349030323517632
463,463,2PTL,A,A,22,G,-2.43,EXPDTA SOLUTION NMR,-1.3650218278933794,-1.4508528098081932,-0.08583098191481375
509,509,2PTL,A,N,23,A,-1.87,EXPDTA SOLUTION NMR,-1.3650218278933794,-1.3955445900941505,-0.030522762200771103
506,506,2PTL,A,L,24,A,-3.12,EXPDTA SOLUTION NMR,-1.3650218278933794,-1.4122439653445513,-0.047222137451171875
495,495,2PTL,A,I,25,A,-1.37,EXPDTA SOLUTION NMR,-1.3650218278933794,-1.3757411272097857,-0.01071929931640625
496,496,2PTL,A,I,25,V,-0.47,EXPDTA SOLUTION NMR,-1.3650218278933794,-1.3540194584773138,0.011002369416065694
480,480,2PTL,A,F,26,A,-3.12,EXPDTA SOLUTION NMR,-1.3650218278933794,-1.5014732556465344,-0.136451427753155
481,481,2PTL,A,F,26,L,-0.68,EXPDTA SOLUTION NMR,-1.3650218278933794,-1.4192894177559094,-0.05426758986253
464,464,2PTL,A,A,27,P,0.1,EXPDTA SOLUTION NMR,-1.3650218278933794,-1.4117838541666667,-0.046762026273287294
465,465,2PTL,A,A,27,V,-0.83,EXPDTA SOLUTION NMR,-1.3650218278933794,-1.4214244744716547,-0.056402646578275206
510,510,2PTL,A,N,28,A,-1.78,EXPDTA SOLUTION NMR,-1.3650218278933794,-1.4294317196577022,-0.06440989176432277
488,488,2PTL,A,G,29,A,-1.52,EXPDTA SOLUTION NMR,-1.3650218278933794,-1.4852679325984075,-0.12024610470502806
489,489,2PTL,A,G,29,V,-2.53,EXPDTA SOLUTION NMR,-1.3650218278933794,-1.5345719166291065,-0.16955008873572708
513,513,2PTL,A,S,30,A,-0.3,EXPDTA SOLUTION NMR,-1.3650218278933794,-1.3779154068384416,-0.012893578945062156
517,517,2PTL,A,T,31,A,-1.17,EXPDTA SOLUTION NMR,-1.3650218278933794,-1.4009301601312099,-0.03590833223783041
518,518,2PTL,A,T,33,A,-1.11,EXPDTA SOLUTION NMR,-1.3650218278933794,-1.4197537348820612,-0.0547319069886818
466,466,2PTL,A,A,34,G,-2.17,EXPDTA SOLUTION NMR,-1.3650218278933794,-1.4274159944974458,-0.06239416660406638
467,467,2PTL,A,A,34,V,1.47,EXPDTA SOLUTION NMR,-1.3650218278933794,-1.3564150883601263,0.008606739533253194
476,476,2PTL,A,E,35,A,-0.59,EXPDTA SOLUTION NMR,-1.3650218278933794,-1.4261959760616987,-0.06117414816831923
482,482,2PTL,A,F,36,A,-4.15,EXPDTA SOLUTION NMR,-1.3650218278933794,-1.5309009062938201,-0.1658790784004407
483,483,2PTL,A,F,36,L,-3.12,EXPDTA SOLUTION NMR,-1.3650218278933794,-1.5486297607421875,-0.18360793284880805
500,500,2PTL,A,K,37,A,-0.88,EXPDTA SOLUTION NMR,-1.3650218278933794,-1.4310340881347656,-0.06601226024138618
490,490,2PTL,A,G,38,A,-2.08,EXPDTA SOLUTION NMR,-1.3650218278933794,-1.5502266517052283,-0.18520482381184888
519,519,2PTL,A,T,39,A,-1.25,EXPDTA SOLUTION NMR,-1.3650218278933794,-1.436810811360677,-0.07178898346729756
484,484,2PTL,A,F,40,G,-3.08,EXPDTA SOLUTION NMR,-1.3650218278933794,-1.4601594973833134,-0.09513766948993396
485,485,2PTL,A,F,40,L,-0.38,EXPDTA SOLUTION NMR,-1.3650218278933794,-1.3882652673965845,-0.023243439503205066
501,501,2PTL,A,K,42,G,0.16,EXPDTA SOLUTION NMR,-1.3650218278933794,-1.4097842681102264,-0.044762440216846944
468,468,2PTL,A,A,43,G,-2.54,EXPDTA SOLUTION NMR,-1.3650218278933794,-1.4970509455754206,-0.13202911768204117
520,520,2PTL,A,T,44,A,-1.09,EXPDTA SOLUTION NMR,-1.3650218278933794,-1.4295169145633013,-0.06449508666992188
514,514,2PTL,A,S,45,A,0.41,EXPDTA SOLUTION NMR,-1.3650218278933794,-1.3527188423352363,0.012302985558143131
515,515,2PTL,A,S,45,G,-0.82,EXPDTA SOLUTION NMR,-1.3650218278933794,-1.38513428125626,-0.020112453362880478
477,477,2PTL,A,E,46,G,-1.19,EXPDTA SOLUTION NMR,-1.3650218278933794,-1.4515819060496795,-0.08656007815630007
478,478,2PTL,A,E,46,I,-1.08,EXPDTA SOLUTION NMR,-1.3650218278933794,-1.4912859598795574,-0.12626413198617792
469,469,2PTL,A,A,47,G,-3.1,EXPDTA SOLUTION NMR,-1.3650218278933794,-1.4566793197240584,-0.09165749183067895
527,527,2PTL,A,Y,48,A,-2.82,EXPDTA SOLUTION NMR,-1.3650218278933794,-1.458185342641977,-0.09316351474859763
470,470,2PTL,A,A,49,G,-1.32,EXPDTA SOLUTION NMR,-1.3650218278933794,-1.4015044187888122,-0.03648259089543271
528,528,2PTL,A,Y,50,A,-2.46,EXPDTA SOLUTION NMR,-1.3650218278933794,-1.4254778348482573,-0.06045600695487785
471,471,2PTL,A,A,51,G,-3.12,EXPDTA SOLUTION NMR,-1.3650218278933794,-1.4674947689741085,-0.10247294108072902
473,473,2PTL,A,D,52,A,-1.21,EXPDTA SOLUTION NMR,-1.3650218278933794,-1.417304894863031,-0.05228306696965146
474,474,2PTL,A,D,52,G,-2.14,EXPDTA SOLUTION NMR,-1.3650218278933794,-1.4275643764398036,-0.06254254854642416
521,521,2PTL,A,T,53,G,-0.17,EXPDTA SOLUTION NMR,-1.3650218278933794,-1.3825420477451422,-0.017520219851762775
507,507,2PTL,A,L,54,A,-2.44,EXPDTA SOLUTION NMR,-1.3650218278933794,-1.4819450378417969,-0.11692320994841743
502,502,2PTL,A,K,55,A,0.58,EXPDTA SOLUTION NMR,-1.3650218278933794,-1.4121393057016225,-0.04711747780824305
503,503,2PTL,A,K,56,A,0.35,EXPDTA SOLUTION NMR,-1.3650218278933794,-1.3603184039776142,0.004703423915765281
511,511,2PTL,A,N,58,A,-0.34,EXPDTA SOLUTION NMR,-1.3650218278933794,-1.417871328500601,-0.0528495006072216
491,491,2PTL,A,G,59,A,-2.23,EXPDTA SOLUTION NMR,-1.3650218278933794,-1.5584925138033354,-0.19347068590995598
479,479,2PTL,A,E,60,A,-0.23,EXPDTA SOLUTION NMR,-1.3650218278933794,-1.3744321969839244,-0.009410369090544934
522,522,2PTL,A,T,62,A,-0.97,EXPDTA SOLUTION NMR,-1.3650218278933794,-1.4057771731645634,-0.04075534527118396
525,525,2PTL,A,V,63,A,-0.92,EXPDTA SOLUTION NMR,-1.3650218278933794,-1.4815125098595252,-0.11649068196614576
475,475,2PTL,A,D,64,A,-0.2,EXPDTA SOLUTION NMR,-1.3650218278933794,-1.3746100205641527,-0.009588192670773266
526,526,2PTL,A,V,65,A,-1.14,EXPDTA SOLUTION NMR,-1.3650218278933794,-1.430092542599409,-0.06507071470602965
472,472,2PTL,A,A,66,G,-0.49,EXPDTA SOLUTION NMR,-1.3650218278933794,-1.4011059296436799,-0.03608410175030041
504,504,2PTL,A,K,68,A,-0.09,EXPDTA SOLUTION NMR,-1.3650218278933794,-1.3694745577298677,-0.004452729836488256
492,492,2PTL,A,G,69,A,-2.04,EXPDTA SOLUTION NMR,-1.3650218278933794,-1.533571487818009,-0.16854965992462945
529,529,2PTL,A,Y,70,A,-1.66,EXPDTA SOLUTION NMR,-1.3650218278933794,-1.4524548848470051,-0.08743305695362569
530,530,2PTL,A,Y,70,L,0.43,EXPDTA SOLUTION NMR,-1.3650218278933794,-1.3853522080641527,-0.020330380170773266
523,523,2PTL,A,T,71,A,-1.83,EXPDTA SOLUTION NMR,-1.3650218278933794,-1.4208282079452124,-0.055806380051832916
508,508,2PTL,A,L,72,A,-3.77,EXPDTA SOLUTION NMR,-1.3650218278933794,-1.4997486212314703,-0.1347267933380909
512,512,2PTL,A,N,73,A,-1.73,EXPDTA SOLUTION NMR,-1.3650218278933794,-1.4731126442933693,-0.10809081639998985
497,497,2PTL,A,I,74,A,-4.72,EXPDTA SOLUTION NMR,-1.3650218278933794,-1.534546876565004,-0.16952504867162466
498,498,2PTL,A,I,74,V,-1.69,EXPDTA SOLUTION NMR,-1.3650218278933794,-1.4096585787259615,-0.044636750832582006
505,505,2PTL,A,K,75,A,-0.45,EXPDTA SOLUTION NMR,-1.3650218278933794,-1.3807293818547175,-0.01570755396133805
486,486,2PTL,A,F,76,L,-3.34,EXPDTA SOLUTION NMR,-1.3650218278933794,-1.5168492243840144,-0.15182739649063492
487,487,2PTL,A,F,76,V,-3.73,EXPDTA SOLUTION NMR,-1.3650218278933794,-1.5836402697440906,-0.2186184418507111
532,532,2RPN,A,V,21,K,0.39,EXPDTA SOLUTION NMR,-1.2871908414161812,-1.2881115412307997,-0.0009206998146185086
531,531,2RPN,A,E,7,L,1.05,EXPDTA SOLUTION NMR,-1.2871908414161812,-1.27262218927933,0.014568652136851323
534,534,2VY0,A,E,20,A,-6.597,EXPDTA X-RAY DIFFRACTION,-0.6001275380452474,-0.6118296420935428,-0.011702104048295414
533,533,2VY0,A,D,254,A,-5.975,EXPDTA X-RAY DIFFRACTION,-0.6001275380452474,-0.6473546461625532,-0.047227108117305794
558,558,2WQG,A,V,10,A,-0.1,EXPDTA SOLUTION NMR,-1.862578597723269,-1.9012508018344056,-0.0386722041111367
559,559,2WQG,A,V,10,G,-0.7,EXPDTA SOLUTION NMR,-1.862578597723269,-1.914096009497549,-0.05151741177428004
560,560,2WQG,A,V,11,A,0.4,EXPDTA SOLUTION NMR,-1.862578597723269,-1.837317522834329,0.025261074888939916
561,561,2WQG,A,V,11,G,0.1,EXPDTA SOLUTION NMR,-1.862578597723269,-1.866350809733073,-0.0037722120098040435
550,550,2WQG,A,Q,12,A,-0.6,EXPDTA SOLUTION NMR,-1.862578597723269,-1.9292732687557446,-0.06669467103247562
551,551,2WQG,A,Q,12,G,-2.0,EXPDTA SOLUTION NMR,-1.862578597723269,-1.990004296396293,-0.127425698673024
547,547,2WQG,A,L,13,A,-0.5,EXPDTA SOLUTION NMR,-1.862578597723269,-1.9577487122778798,-0.09517011455461089
543,543,2WQG,A,K,14,A,-0.4,EXPDTA SOLUTION NMR,-1.862578597723269,-1.953260384353937,-0.09068178663066795
544,544,2WQG,A,K,14,G,-1.9,EXPDTA SOLUTION NMR,-1.862578597723269,-1.986314062978707,-0.1237354652554381
535,535,2WQG,A,D,15,A,0.3,EXPDTA SOLUTION NMR,-1.862578597723269,-1.8541379442401962,0.008440653483072769
548,548,2WQG,A,L,16,A,-1.3,EXPDTA SOLUTION NMR,-1.862578597723269,-1.9255614935183059,-0.06298289579503691
545,545,2WQG,A,K,19,A,-0.3,EXPDTA SOLUTION NMR,-1.862578597723269,-1.8709324855430454,-0.008353887819776418
554,554,2WQG,A,S,23,A,-0.6,EXPDTA SOLUTION NMR,-1.862578597723269,-1.913838554831112,-0.051259957107843146
562,562,2WQG,A,V,24,A,-0.5,EXPDTA SOLUTION NMR,-1.862578597723269,-1.8682457419002758,-0.0056671441770068665
546,546,2WQG,A,K,28,A,-0.6,EXPDTA SOLUTION NMR,-1.862578597723269,-2.0002652336569393,-0.13768663593367036
552,552,2WQG,A,Q,33,A,0.1,EXPDTA SOLUTION NMR,-1.862578597723269,-1.8687026079963236,-0.0061240102730546475
553,553,2WQG,A,R,34,A,-0.8,EXPDTA SOLUTION NMR,-1.862578597723269,-1.949244031719133,-0.08666543399586413
541,541,2WQG,A,I,36,A,-0.9,EXPDTA SOLUTION NMR,-1.862578597723269,-1.9763277839211857,-0.11374918619791674
542,542,2WQG,A,I,36,V,-0.3,EXPDTA SOLUTION NMR,-1.862578597723269,-1.8825462191712623,-0.019967621447993356
536,536,2WQG,A,D,38,A,0.1,EXPDTA SOLUTION NMR,-1.862578597723269,-1.8314448337928921,0.031133763930376812
537,537,2WQG,A,D,39,A,-2.2,EXPDTA SOLUTION NMR,-1.862578597723269,-1.895097620346967,-0.03251902262369799
538,538,2WQG,A,D,39,N,-2.6,EXPDTA SOLUTION NMR,-1.862578597723269,-1.9151748956418504,-0.05259629791858145
539,539,2WQG,A,E,40,Q,-0.1,EXPDTA SOLUTION NMR,-1.862578597723269,-1.8793738870059742,-0.01679528928270524
540,540,2WQG,A,E,41,G,-0.4,EXPDTA SOLUTION NMR,-1.862578597723269,-1.935247683057598,-0.07266908533432903
563,563,2WQG,A,Y,5,F,-2.4,EXPDTA SOLUTION NMR,-1.862578597723269,-1.8807637831744026,-0.01818518545113368
555,555,2WQG,A,S,6,A,0.1,EXPDTA SOLUTION NMR,-1.862578597723269,-1.858031478582644,0.004547119140625
556,556,2WQG,A,S,6,G,-0.2,EXPDTA SOLUTION NMR,-1.862578597723269,-1.90346856210746,-0.040889964384191124
549,549,2WQG,A,L,8,A,-2.0,EXPDTA SOLUTION NMR,-1.862578597723269,-1.950619566674326,-0.08804096895105706
557,557,2WQG,A,T,9,S,0.1,EXPDTA SOLUTION NMR,-1.862578597723269,-1.8550983503753065,0.007480247347962488
564,564,2ZTA,A,E,11,Q,-0.74,EXPDTA X-RAY DIFFRACTION,-1.9093346134308846,-1.9787224800355974,-0.06938786660471274
567,567,2ZTA,A,K,15,A,-0.41,EXPDTA X-RAY DIFFRACTION,-1.9093346134308846,-1.976345923639113,-0.06701131020822837
565,565,2ZTA,A,E,20,Q,0.2,EXPDTA X-RAY DIFFRACTION,-1.9093346134308846,-1.949191677954889,-0.03985706452400439
566,566,2ZTA,A,E,22,Q,-1.83,EXPDTA X-RAY DIFFRACTION,-1.9093346134308846,-1.9905856963126891,-0.08125108288180449
571,571,2ZTA,A,R,25,A,-1.66,EXPDTA X-RAY DIFFRACTION,-1.9093346134308846,-1.9356748519405242,-0.026340238509639624
568,568,2ZTA,A,K,27,A,-0.91,EXPDTA X-RAY DIFFRACTION,-1.9093346134308846,-1.978912599625126,-0.06957798619424138
569,569,2ZTA,A,K,28,A,-0.06,EXPDTA X-RAY DIFFRACTION,-1.9093346134308846,-1.9656747387301536,-0.05634012529926902
570,570,2ZTA,A,K,8,A,-0.39,EXPDTA X-RAY DIFFRACTION,-1.9093346134308846,-1.9665768531060988,-0.057242239675214135
573,573,3BCI,A,T,140,V,-1.137,EXPDTA X-RAY DIFFRACTION,-0.8472590590968276,-0.8515458540482954,-0.004286794951467776
572,572,3BCI,A,E,83,Q,1.369,EXPDTA X-RAY DIFFRACTION,-0.8472590590968276,-0.858828642874053,-0.01156958377722539
574,574,3BN0,A,I,19,V,-1.506,EXPDTA X-RAY DIFFRACTION,-1.0556637412623355,-1.0923057154605262,-0.03664197419819071
579,579,3C2I,A,R,15,Q,0.12,EXPDTA X-RAY DIFFRACTION,-1.2581697736467634,-1.356852504185268,-0.09868273053850452
580,580,3C2I,A,R,15,W,0.04,EXPDTA X-RAY DIFFRACTION,-1.2581697736467634,-1.4757185799734933,-0.2175488063267299
581,581,3C2I,A,R,20,G,-0.43,EXPDTA X-RAY DIFFRACTION,-1.2581697736467634,-1.3819086347307479,-0.12373886108398446
582,582,3C2I,A,R,42,C,0.37,EXPDTA X-RAY DIFFRACTION,-1.2581697736467634,-1.3240353175571986,-0.0658655439104352
583,583,3C2I,A,R,42,H,0.24,EXPDTA X-RAY DIFFRACTION,-1.2581697736467634,-1.3025767735072544,-0.044406999860491014
584,584,3C2I,A,S,43,C,1.05,EXPDTA X-RAY DIFFRACTION,-1.2581697736467634,-1.3499679565429688,-0.09179818289620534
578,578,3C2I,A,P,60,R,1.46,EXPDTA X-RAY DIFFRACTION,-1.2581697736467634,-1.3551143101283483,-0.09694453648158485
576,576,3C2I,A,F,63,S,0.43,EXPDTA X-RAY DIFFRACTION,-1.2581697736467634,-1.4747659955705916,-0.2165962219238282
575,575,3C2I,A,D,64,E,0.88,EXPDTA X-RAY DIFFRACTION,-1.2581697736467634,-1.379383523123605,-0.12121374947684149
585,585,3C2I,A,T,66,A,0.47,EXPDTA X-RAY DIFFRACTION,-1.2581697736467634,-1.3276860918317521,-0.06951631818498871
586,586,3C2I,A,T,66,M,0.25,EXPDTA X-RAY DIFFRACTION,-1.2581697736467634,-1.3536580766950335,-0.09548830304827005
577,577,3C2I,A,L,9,V,1.11,EXPDTA X-RAY DIFFRACTION,-1.2581697736467634,-1.453949955531529,-0.19578018188476554
587,587,3D2A,A,M,132,E,3.02,EXPDTA X-RAY DIFFRACTION,-0.7709174981996334,-0.770775736377226,0.00014176182240743795
588,588,3D2A,A,M,135,P,3.34,EXPDTA X-RAY DIFFRACTION,-0.7709174981996334,-0.7564823427679819,0.014435155431651525
589,589,3D2A,A,S,161,P,2.11,EXPDTA X-RAY DIFFRACTION,-0.7709174981996334,-0.7676269701739263,0.0032905280257070624
590,590,3D3B,A,D,118,A,-0.65,EXPDTA X-RAY DIFFRACTION,-1.2716970100677272,-1.288278264107464,-0.01658125403973676
591,591,3D3B,A,D,118,E,-0.6,EXPDTA X-RAY DIFFRACTION,-1.2716970100677272,-1.278872263517311,-0.007175253449583918
592,592,3D3B,A,D,118,K,-1.6,EXPDTA X-RAY DIFFRACTION,-1.2716970100677272,-1.28047147243143,-0.008774462363702717
593,593,3D3B,A,D,118,N,-1.34,EXPDTA X-RAY DIFFRACTION,-1.2716970100677272,-1.2764232827605104,-0.004726272692783251
594,594,3D3B,A,D,118,R,-1.41,EXPDTA X-RAY DIFFRACTION,-1.2716970100677272,-1.2903519225635116,-0.018654912495784437
625,625,3DV0,A,Y,11,F,-2.0,EXPDTA X-RAY DIFFRACTION,-0.9874107724144345,-1.0945854187011719,-0.10717464628673734
596,596,3DV0,A,A,12,G,-2.3,EXPDTA X-RAY DIFFRACTION,-0.9874107724144345,-1.2011102040608723,-0.2136994316464378
605,605,3DV0,A,E,14,A,-0.7,EXPDTA X-RAY DIFFRACTION,-0.9874107724144345,-1.0510328383672805,-0.06362206595284592
606,606,3DV0,A,E,14,Q,-0.4,EXPDTA X-RAY DIFFRACTION,-0.9874107724144345,-1.0042996179489863,-0.016888845534551722
621,621,3DV0,A,V,17,A,-2.0,EXPDTA X-RAY DIFFRACTION,-0.9874107724144345,-1.1314591907319569,-0.14404841831752235
599,599,3DV0,A,D,18,A,-2.1,EXPDTA X-RAY DIFFRACTION,-0.9874107724144345,-1.167795635405041,-0.1803848629906064
600,600,3DV0,A,D,18,N,-0.9,EXPDTA X-RAY DIFFRACTION,-0.9874107724144345,-1.0384516943068731,-0.051040921892438584
610,610,3DV0,A,I,19,A,-2.7,EXPDTA X-RAY DIFFRACTION,-0.9874107724144345,-1.1823093777611142,-0.1948986053466797
611,611,3DV0,A,I,19,V,-1.2,EXPDTA X-RAY DIFFRACTION,-0.9874107724144345,-1.103963125319708,-0.11655235290527344
618,618,3DV0,A,V,2,A,-0.7,EXPDTA X-RAY DIFFRACTION,-0.9874107724144345,-1.1252396901448567,-0.13782891773042216
619,619,3DV0,A,V,2,G,-1.0,EXPDTA X-RAY DIFFRACTION,-0.9874107724144345,-1.1724855332147508,-0.18507476080031626
622,622,3DV0,A,V,22,A,-2.8,EXPDTA X-RAY DIFFRACTION,-0.9874107724144345,-1.232300077165876,-0.24488930475144155
623,623,3DV0,A,V,22,G,-4.1,EXPDTA X-RAY DIFFRACTION,-0.9874107724144345,-1.4583267938523066,-0.47091602143787203
607,607,3DV0,A,I,3,A,-0.7,EXPDTA X-RAY DIFFRACTION,-0.9874107724144345,-1.0196372440883092,-0.03222647167387471
608,608,3DV0,A,I,3,G,-1.4,EXPDTA X-RAY DIFFRACTION,-0.9874107724144345,-1.0469187781924294,-0.059508005777994866
609,609,3DV0,A,I,3,V,-0.2,EXPDTA X-RAY DIFFRACTION,-0.9874107724144345,-1.0099195752825056,-0.02250880286807111
624,624,3DV0,A,V,31,A,-3.2,EXPDTA X-RAY DIFFRACTION,-0.9874107724144345,-1.1789466312953405,-0.19153585888090596
613,613,3DV0,A,L,32,A,-2.0,EXPDTA X-RAY DIFFRACTION,-0.9874107724144345,-1.153868175688244,-0.16645740327380953
614,614,3DV0,A,L,32,G,-1.9,EXPDTA X-RAY DIFFRACTION,-0.9874107724144345,-1.204190935407366,-0.21678016299293157
615,615,3DV0,A,L,32,V,-0.6,EXPDTA X-RAY DIFFRACTION,-0.9874107724144345,-1.1543452853248233,-0.16693451291038874
601,601,3DV0,A,D,35,N,-2.0,EXPDTA X-RAY DIFFRACTION,-0.9874107724144345,-1.0961121150425501,-0.1087013426281156
612,612,3DV0,A,I,36,V,-0.5,EXPDTA X-RAY DIFFRACTION,-0.9874107724144345,-0.920145761399042,0.0672650110153925
602,602,3DV0,A,D,37,A,-2.3,EXPDTA X-RAY DIFFRACTION,-0.9874107724144345,-1.1993054889497303,-0.2118947165352958
603,603,3DV0,A,D,37,G,-3.7,EXPDTA X-RAY DIFFRACTION,-0.9874107724144345,-1.2450267246791296,-0.257615952264695
604,604,3DV0,A,D,37,N,-1.9,EXPDTA X-RAY DIFFRACTION,-0.9874107724144345,-1.081987744285947,-0.09457697187151237
597,597,3DV0,A,A,38,G,-0.9,EXPDTA X-RAY DIFFRACTION,-0.9874107724144345,-1.0959819612048922,-0.10857118879045768
595,595,3DV0,A,A,4,G,-1.7,EXPDTA X-RAY DIFFRACTION,-0.9874107724144345,-1.1871733892531622,-0.19976261683872765
616,616,3DV0,A,L,40,A,-1.2,EXPDTA X-RAY DIFFRACTION,-0.9874107724144345,-1.2164863404773532,-0.22907556806291862
617,617,3DV0,A,L,40,V,-0.2,EXPDTA X-RAY DIFFRACTION,-0.9874107724144345,-1.072097415015811,-0.08468664260137637
598,598,3DV0,A,A,41,G,-0.3,EXPDTA X-RAY DIFFRACTION,-0.9874107724144345,-1.1228765760149275,-0.13546580360049298
620,620,3DV0,A,V,8,A,-1.5,EXPDTA X-RAY DIFFRACTION,-0.9874107724144345,-1.015473865327381,-0.028063092912946397
626,626,3ECU,A,H,46,R,0.8,EXPDTA X-RAY DIFFRACTION,-0.8882143107894199,-0.9179799198325164,-0.02976560904309644
627,627,3FIS,A,P,36,A,-0.5,EXPDTA X-RAY DIFFRACTION,-1.8404643437633776,-2.021917891828981,-0.18145354806560343
629,629,3G1G,A,F,17,Y,-0.74,EXPDTA X-RAY DIFFRACTION,-1.0306448998389306,-1.0388089464856434,-0.008164046646712775
631,631,3G1G,A,R,35,W,1.32,EXPDTA X-RAY DIFFRACTION,-1.0306448998389306,-1.1813992587002842,-0.15075435886135358
630,630,3G1G,A,I,40,V,-0.17,EXPDTA X-RAY DIFFRACTION,-1.0306448998389306,-1.088573307185978,-0.057928407347047406
628,628,3G1G,A,D,5,Y,0.34,EXPDTA X-RAY DIFFRACTION,-1.0306448998389306,-1.066710732199929,-0.03606583236099836
632,632,3K82,A,E,29,L,-3.35,EXPDTA X-RAY DIFFRACTION,-0.9247632370781653,-0.9415130615234375,-0.016749824445272177
633,633,3K82,A,E,29,Q,-1.68,EXPDTA X-RAY DIFFRACTION,-0.9247632370781653,-0.9300128897440803,-0.005249652665914928
634,634,3K82,A,E,96,R,5.49,EXPDTA X-RAY DIFFRACTION,-0.9247632370781653,-0.9269285693611067,-0.002165332282941357
635,635,3L15,A,Y,196,H,-3.23,EXPDTA X-RAY DIFFRACTION,-1.678856201171875,-1.6974964904785157,-0.018640289306640634
637,637,3MON,A,W,3,C,-2.866,EXPDTA X-RAY DIFFRACTION,-1.9998574829101563,-2.0144528198242186,-0.01459533691406234
636,636,3MON,A,R,39,G,1.194,EXPDTA X-RAY DIFFRACTION,-1.9998574829101563,-2.0679090881347655,-0.06805160522460918
643,643,3O39,A,Q,20,L,-0.05,EXPDTA X-RAY DIFFRACTION,-1.6680128309461806,-1.6975943671332465,-0.029581536187065938
641,641,3O39,A,L,4,P,-3.25,EXPDTA X-RAY DIFFRACTION,-1.6680128309461806,-1.8741956922743055,-0.2061828613281249
640,640,3O39,A,H,63,L,-0.58,EXPDTA X-RAY DIFFRACTION,-1.6680128309461806,-1.6266637166341147,0.04134911431206589
642,642,3O39,A,Q,66,L,-2.0,EXPDTA X-RAY DIFFRACTION,-1.6680128309461806,-1.6487430148654514,0.019269816080729196
638,638,3O39,A,F,81,I,-1.81,EXPDTA X-RAY DIFFRACTION,-1.6680128309461806,-1.8119003295898437,-0.14388749864366313
639,639,3O39,A,F,81,L,-1.64,EXPDTA X-RAY DIFFRACTION,-1.6680128309461806,-1.7400288899739584,-0.07201605902777786
644,644,3S4M,A,D,34,Y,-1.3,EXPDTA X-RAY DIFFRACTION,-0.7418162448347108,-0.8523355909615509,-0.11051934612684011
645,645,3S4M,A,G,42,V,-2.5,EXPDTA X-RAY DIFFRACTION,-0.7418162448347108,-0.9272183504971591,-0.1854021056624483
646,646,3S4M,A,I,66,F,0.096,EXPDTA X-RAY DIFFRACTION,-0.7418162448347108,-0.8816490488604081,-0.1398328040256973
647,647,3S4M,A,W,67,R,-0.693,EXPDTA X-RAY DIFFRACTION,-0.7418162448347108,-0.8148349730436467,-0.07301872820893596
648,648,3S92,A,H,89,R,2.03,EXPDTA X-RAY DIFFRACTION,-0.9405502319335938,-0.9984424937855113,-0.05789226185191754
649,649,4BJX,A,A,48,V,0.99,EXPDTA X-RAY DIFFRACTION,-0.9614288450226071,-1.0443455253060407,-0.08291668028343369
650,650,4BUQ,A,Y,137,A,0.89,EXPDTA X-RAY DIFFRACTION,-1.1863362758974485,-1.2002002378053303,-0.01386396190788175
651,651,4BUQ,A,Y,48,A,-1.435,EXPDTA X-RAY DIFFRACTION,-1.1863362758974485,-1.1935855527467365,-0.007249276849288
652,652,4HE7,A,A,18,D,-0.24,EXPDTA X-RAY DIFFRACTION,-2.047282668779481,-2.049647349231648,-0.0023646804521666454
653,653,4HE7,A,A,18,G,0.06,EXPDTA X-RAY DIFFRACTION,-2.047282668779481,-2.0505421476544075,-0.0032594788749262804
654,654,4HE7,A,A,18,K,-0.46,EXPDTA X-RAY DIFFRACTION,-2.047282668779481,-2.043460486070165,0.003822182709316113
656,656,4N6V,A,P,29,G,-1.362,EXPDTA X-RAY DIFFRACTION,-0.8750308529361264,-0.9364089127425309,-0.06137805980640454
655,655,4N6V,A,H,68,W,0.574,EXPDTA X-RAY DIFFRACTION,-0.8750308529361264,-0.8836472899049193,-0.008616436968792884
657,657,4N6V,A,P,72,S,1.745,EXPDTA X-RAY DIFFRACTION,-0.8750308529361264,-0.9520976307627919,-0.07706677782666549
660,660,4WAA,A,R,19,A,-0.44,EXPDTA X-RAY DIFFRACTION,-1.4709949796161954,-1.4854684254479786,-0.014473445831783227
658,658,4WAA,A,K,57,A,0.1,EXPDTA X-RAY DIFFRACTION,-1.4709949796161954,-1.490981934562562,-0.019986954946366486
659,659,4WAA,A,K,59,A,-2.07,EXPDTA X-RAY DIFFRACTION,-1.4709949796161954,-1.4761138189406622,-0.005118839324466773
661,661,4YEE,A,V,60,T,-0.71,EXPDTA X-RAY DIFFRACTION,-1.2306921423935309,-1.2527798908512766,-0.02208774845774575
662,662,4YEF,A,T,58,V,-0.93,EXPDTA X-RAY DIFFRACTION,-1.157343578338623,-1.2021217346191406,-0.04477815628051762
663,663,5JXB,A,D,25,G,-1.44,EXPDTA X-RAY DIFFRACTION,-1.1844964964776976,-1.2163730197482638,-0.031876523270566226
664,664,5JXB,A,D,25,P,-1.44,EXPDTA X-RAY DIFFRACTION,-1.1844964964776976,-1.2772721510667067,-0.09277565458900905
665,665,5OAQ,A,Y,199,H,-2.99,EXPDTA X-RAY DIFFRACTION,-1.6511894674862133,-1.6685702754001992,-0.017380807913985885
667,667,5VP3,A,S,128,G,-0.378,EXPDTA X-RAY DIFFRACTION,-1.1341388408954327,-1.156915283203125,-0.02277644230769238
668,668,5VP3,A,V,183,T,0.354,EXPDTA X-RAY DIFFRACTION,-1.1341388408954327,-1.1502379588591747,-0.01609911796374197
666,666,5VP3,A,R,39,K,0.413,EXPDTA X-RAY DIFFRACTION,-1.1341388408954327,-1.1433315961788861,-0.009192755283453424
